"ITTER107","Territorio","TIPO_DATO_VIOLENZA","Tipo dato","SEXISTAT1","Sesso","TITOLO_STUDIO","Titolo di studio","STEREOTIPI","Stereotipi sui ruoli di genere, comportamenti nella coppia","OPINIONI_B","Grado di accettabilità","TIME","Seleziona periodo","Value","Flag Codes","Flags"
"IT","Italia","P18_74_ACCINT","persone di 18-74 anni per grado di accettabilità di alcuni comportamenti nella coppia (composizione %)","M","maschi","ALL","totale","SLGIROC","un ragazzo schiaffeggia la sua fidanzata perché ha civettato/flirtato con un altro uomo","TOT","totale","2018","2018",100,,
"IT","Italia","P18_74_ACCINT","persone di 18-74 anni per grado di accettabilità di alcuni comportamenti nella coppia (composizione %)","M","maschi","ALL","totale","NSMOCC","in una relazione di coppia è normale che ci scappi uno schiaffo ogni tanto","TOT","totale","2018","2018",100,,
"IT","Italia","P18_74_ACCINT","persone di 18-74 anni per grado di accettabilità di alcuni comportamenti nella coppia (composizione %)","M","maschi","ALL","totale","HABCONTR","un uomo controlla abitualmente il cellulare,l’attività sui social network della moglie/compagna","TOT","totale","2018","2018",100,,
"IT","Italia","P18_74_ACCINT","persone di 18-74 anni per grado di accettabilità di alcuni comportamenti nella coppia (composizione %)","F","femmine","ALL","totale","SLGIROC","un ragazzo schiaffeggia la sua fidanzata perché ha civettato/flirtato con un altro uomo","TOT","totale","2018","2018",100,,
"IT","Italia","P18_74_ACCINT","persone di 18-74 anni per grado di accettabilità di alcuni comportamenti nella coppia (composizione %)","F","femmine","ALL","totale","NSMOCC","in una relazione di coppia è normale che ci scappi uno schiaffo ogni tanto","TOT","totale","2018","2018",100,,
"IT","Italia","P18_74_ACCINT","persone di 18-74 anni per grado di accettabilità di alcuni comportamenti nella coppia (composizione %)","F","femmine","ALL","totale","HABCONTR","un uomo controlla abitualmente il cellulare,l’attività sui social network della moglie/compagna","TOT","totale","2018","2018",100,,
"IT","Italia","P18_74_ACCINT","persone di 18-74 anni per grado di accettabilità di alcuni comportamenti nella coppia (composizione %)","T","totale","ALL","totale","SLGIROC","un ragazzo schiaffeggia la sua fidanzata perché ha civettato/flirtato con un altro uomo","TOT","totale","2018","2018",100,,
"IT","Italia","P18_74_ACCINT","persone di 18-74 anni per grado di accettabilità di alcuni comportamenti nella coppia (composizione %)","T","totale","ALL","totale","NSMOCC","in una relazione di coppia è normale che ci scappi uno schiaffo ogni tanto","TOT","totale","2018","2018",100,,
"IT","Italia","P18_74_ACCINT","persone di 18-74 anni per grado di accettabilità di alcuni comportamenti nella coppia (composizione %)","T","totale","ALL","totale","HABCONTR","un uomo controlla abitualmente il cellulare,l’attività sui social network della moglie/compagna","TOT","totale","2018","2018",100,,
"IT","Italia","P18_74_ACCINT","persone di 18-74 anni per grado di accettabilità di alcuni comportamenti nella coppia (composizione %)","M","maschi","ALL","totale","SLGIROC","un ragazzo schiaffeggia la sua fidanzata perché ha civettato/flirtato con un altro uomo","ALWACC","sempre accettabile","2018","2018",0.3,,
"IT","Italia","P18_74_ACCINT","persone di 18-74 anni per grado di accettabilità di alcuni comportamenti nella coppia (composizione %)","M","maschi","ALL","totale","NSMOCC","in una relazione di coppia è normale che ci scappi uno schiaffo ogni tanto","ALWACC","sempre accettabile","2018","2018",0.4,,
"IT","Italia","P18_74_ACCINT","persone di 18-74 anni per grado di accettabilità di alcuni comportamenti nella coppia (composizione %)","M","maschi","ALL","totale","HABCONTR","un uomo controlla abitualmente il cellulare,l’attività sui social network della moglie/compagna","ALWACC","sempre accettabile","2018","2018",0.8,,
"IT","Italia","P18_74_ACCINT","persone di 18-74 anni per grado di accettabilità di alcuni comportamenti nella coppia (composizione %)","F","femmine","ALL","totale","SLGIROC","un ragazzo schiaffeggia la sua fidanzata perché ha civettato/flirtato con un altro uomo","ALWACC","sempre accettabile","2018","2018",0.3,,
"IT","Italia","P18_74_ACCINT","persone di 18-74 anni per grado di accettabilità di alcuni comportamenti nella coppia (composizione %)","F","femmine","ALL","totale","NSMOCC","in una relazione di coppia è normale che ci scappi uno schiaffo ogni tanto","ALWACC","sempre accettabile","2018","2018",0.1,,
"IT","Italia","P18_74_ACCINT","persone di 18-74 anni per grado di accettabilità di alcuni comportamenti nella coppia (composizione %)","F","femmine","ALL","totale","HABCONTR","un uomo controlla abitualmente il cellulare,l’attività sui social network della moglie/compagna","ALWACC","sempre accettabile","2018","2018",1.1,,
"IT","Italia","P18_74_ACCINT","persone di 18-74 anni per grado di accettabilità di alcuni comportamenti nella coppia (composizione %)","T","totale","ALL","totale","SLGIROC","un ragazzo schiaffeggia la sua fidanzata perché ha civettato/flirtato con un altro uomo","ALWACC","sempre accettabile","2018","2018",0.3,,
"IT","Italia","P18_74_ACCINT","persone di 18-74 anni per grado di accettabilità di alcuni comportamenti nella coppia (composizione %)","T","totale","ALL","totale","NSMOCC","in una relazione di coppia è normale che ci scappi uno schiaffo ogni tanto","ALWACC","sempre accettabile","2018","2018",0.2,,
"IT","Italia","P18_74_ACCINT","persone di 18-74 anni per grado di accettabilità di alcuni comportamenti nella coppia (composizione %)","T","totale","ALL","totale","HABCONTR","un uomo controlla abitualmente il cellulare,l’attività sui social network della moglie/compagna","ALWACC","sempre accettabile","2018","2018",0.9,,
"IT","Italia","P18_74_ACCINT","persone di 18-74 anni per grado di accettabilità di alcuni comportamenti nella coppia (composizione %)","M","maschi","ALL","totale","SLGIROC","un ragazzo schiaffeggia la sua fidanzata perché ha civettato/flirtato con un altro uomo","ACUNDCIR","in certe circostanze accettabile","2018","2018",8.8,,
"IT","Italia","P18_74_ACCINT","persone di 18-74 anni per grado di accettabilità di alcuni comportamenti nella coppia (composizione %)","M","maschi","ALL","totale","NSMOCC","in una relazione di coppia è normale che ci scappi uno schiaffo ogni tanto","ACUNDCIR","in certe circostanze accettabile","2018","2018",7.9,,
"IT","Italia","P18_74_ACCINT","persone di 18-74 anni per grado di accettabilità di alcuni comportamenti nella coppia (composizione %)","M","maschi","ALL","totale","HABCONTR","un uomo controlla abitualmente il cellulare,l’attività sui social network della moglie/compagna","ACUNDCIR","in certe circostanze accettabile","2018","2018",16.7,,
"IT","Italia","P18_74_ACCINT","persone di 18-74 anni per grado di accettabilità di alcuni comportamenti nella coppia (composizione %)","F","femmine","ALL","totale","SLGIROC","un ragazzo schiaffeggia la sua fidanzata perché ha civettato/flirtato con un altro uomo","ACUNDCIR","in certe circostanze accettabile","2018","2018",5.4,,
"IT","Italia","P18_74_ACCINT","persone di 18-74 anni per grado di accettabilità di alcuni comportamenti nella coppia (composizione %)","F","femmine","ALL","totale","NSMOCC","in una relazione di coppia è normale che ci scappi uno schiaffo ogni tanto","ACUNDCIR","in certe circostanze accettabile","2018","2018",4.1,,
"IT","Italia","P18_74_ACCINT","persone di 18-74 anni per grado di accettabilità di alcuni comportamenti nella coppia (composizione %)","F","femmine","ALL","totale","HABCONTR","un uomo controlla abitualmente il cellulare,l’attività sui social network della moglie/compagna","ACUNDCIR","in certe circostanze accettabile","2018","2018",16.9,,
"IT","Italia","P18_74_ACCINT","persone di 18-74 anni per grado di accettabilità di alcuni comportamenti nella coppia (composizione %)","T","totale","ALL","totale","SLGIROC","un ragazzo schiaffeggia la sua fidanzata perché ha civettato/flirtato con un altro uomo","ACUNDCIR","in certe circostanze accettabile","2018","2018",7.1,,
"IT","Italia","P18_74_ACCINT","persone di 18-74 anni per grado di accettabilità di alcuni comportamenti nella coppia (composizione %)","T","totale","ALL","totale","NSMOCC","in una relazione di coppia è normale che ci scappi uno schiaffo ogni tanto","ACUNDCIR","in certe circostanze accettabile","2018","2018",6,,
"IT","Italia","P18_74_ACCINT","persone di 18-74 anni per grado di accettabilità di alcuni comportamenti nella coppia (composizione %)","T","totale","ALL","totale","HABCONTR","un uomo controlla abitualmente il cellulare,l’attività sui social network della moglie/compagna","ACUNDCIR","in certe circostanze accettabile","2018","2018",16.8,,
"IT","Italia","P18_74_ACCINT","persone di 18-74 anni per grado di accettabilità di alcuni comportamenti nella coppia (composizione %)","M","maschi","ALL","totale","SLGIROC","un ragazzo schiaffeggia la sua fidanzata perché ha civettato/flirtato con un altro uomo","NEVACC","mai accettabile","2018","2018",89.1,,
"IT","Italia","P18_74_ACCINT","persone di 18-74 anni per grado di accettabilità di alcuni comportamenti nella coppia (composizione %)","M","maschi","ALL","totale","NSMOCC","in una relazione di coppia è normale che ci scappi uno schiaffo ogni tanto","NEVACC","mai accettabile","2018","2018",90.2,,
"IT","Italia","P18_74_ACCINT","persone di 18-74 anni per grado di accettabilità di alcuni comportamenti nella coppia (composizione %)","M","maschi","ALL","totale","HABCONTR","un uomo controlla abitualmente il cellulare,l’attività sui social network della moglie/compagna","NEVACC","mai accettabile","2018","2018",80.8,,
"IT","Italia","P18_74_ACCINT","persone di 18-74 anni per grado di accettabilità di alcuni comportamenti nella coppia (composizione %)","F","femmine","ALL","totale","SLGIROC","un ragazzo schiaffeggia la sua fidanzata perché ha civettato/flirtato con un altro uomo","NEVACC","mai accettabile","2018","2018",92.8,,
"IT","Italia","P18_74_ACCINT","persone di 18-74 anni per grado di accettabilità di alcuni comportamenti nella coppia (composizione %)","F","femmine","ALL","totale","NSMOCC","in una relazione di coppia è normale che ci scappi uno schiaffo ogni tanto","NEVACC","mai accettabile","2018","2018",94.4,,
"IT","Italia","P18_74_ACCINT","persone di 18-74 anni per grado di accettabilità di alcuni comportamenti nella coppia (composizione %)","F","femmine","ALL","totale","HABCONTR","un uomo controlla abitualmente il cellulare,l’attività sui social network della moglie/compagna","NEVACC","mai accettabile","2018","2018",80.3,,
"IT","Italia","P18_74_ACCINT","persone di 18-74 anni per grado di accettabilità di alcuni comportamenti nella coppia (composizione %)","T","totale","ALL","totale","SLGIROC","un ragazzo schiaffeggia la sua fidanzata perché ha civettato/flirtato con un altro uomo","NEVACC","mai accettabile","2018","2018",91,,
"IT","Italia","P18_74_ACCINT","persone di 18-74 anni per grado di accettabilità di alcuni comportamenti nella coppia (composizione %)","T","totale","ALL","totale","NSMOCC","in una relazione di coppia è normale che ci scappi uno schiaffo ogni tanto","NEVACC","mai accettabile","2018","2018",92.3,,
"IT","Italia","P18_74_ACCINT","persone di 18-74 anni per grado di accettabilità di alcuni comportamenti nella coppia (composizione %)","T","totale","ALL","totale","HABCONTR","un uomo controlla abitualmente il cellulare,l’attività sui social network della moglie/compagna","NEVACC","mai accettabile","2018","2018",80.6,,
"IT","Italia","P18_74_ACCINT","persone di 18-74 anni per grado di accettabilità di alcuni comportamenti nella coppia (composizione %)","M","maschi","ALL","totale","SLGIROC","un ragazzo schiaffeggia la sua fidanzata perché ha civettato/flirtato con un altro uomo","NOANSW","non risponde","2018","2018",1.8,,
"IT","Italia","P18_74_ACCINT","persone di 18-74 anni per grado di accettabilità di alcuni comportamenti nella coppia (composizione %)","M","maschi","ALL","totale","NSMOCC","in una relazione di coppia è normale che ci scappi uno schiaffo ogni tanto","NOANSW","non risponde","2018","2018",1.5,,
"IT","Italia","P18_74_ACCINT","persone di 18-74 anni per grado di accettabilità di alcuni comportamenti nella coppia (composizione %)","M","maschi","ALL","totale","HABCONTR","un uomo controlla abitualmente il cellulare,l’attività sui social network della moglie/compagna","NOANSW","non risponde","2018","2018",1.6,,
"IT","Italia","P18_74_ACCINT","persone di 18-74 anni per grado di accettabilità di alcuni comportamenti nella coppia (composizione %)","F","femmine","ALL","totale","SLGIROC","un ragazzo schiaffeggia la sua fidanzata perché ha civettato/flirtato con un altro uomo","NOANSW","non risponde","2018","2018",1.5,,
"IT","Italia","P18_74_ACCINT","persone di 18-74 anni per grado di accettabilità di alcuni comportamenti nella coppia (composizione %)","F","femmine","ALL","totale","NSMOCC","in una relazione di coppia è normale che ci scappi uno schiaffo ogni tanto","NOANSW","non risponde","2018","2018",1.4,,
"IT","Italia","P18_74_ACCINT","persone di 18-74 anni per grado di accettabilità di alcuni comportamenti nella coppia (composizione %)","F","femmine","ALL","totale","HABCONTR","un uomo controlla abitualmente il cellulare,l’attività sui social network della moglie/compagna","NOANSW","non risponde","2018","2018",1.7,,
"IT","Italia","P18_74_ACCINT","persone di 18-74 anni per grado di accettabilità di alcuni comportamenti nella coppia (composizione %)","T","totale","ALL","totale","SLGIROC","un ragazzo schiaffeggia la sua fidanzata perché ha civettato/flirtato con un altro uomo","NOANSW","non risponde","2018","2018",1.6,,
"IT","Italia","P18_74_ACCINT","persone di 18-74 anni per grado di accettabilità di alcuni comportamenti nella coppia (composizione %)","T","totale","ALL","totale","NSMOCC","in una relazione di coppia è normale che ci scappi uno schiaffo ogni tanto","NOANSW","non risponde","2018","2018",1.5,,
"IT","Italia","P18_74_ACCINT","persone di 18-74 anni per grado di accettabilità di alcuni comportamenti nella coppia (composizione %)","T","totale","ALL","totale","HABCONTR","un uomo controlla abitualmente il cellulare,l’attività sui social network della moglie/compagna","NOANSW","non risponde","2018","2018",1.6,,
"IT","Italia","P18_74_ACCINT","persone di 18-74 anni per grado di accettabilità di alcuni comportamenti nella coppia (composizione %)","M","maschi","USE_IF","diploma di istruzione secondaria di II grado o di qualifica professionale (corso di 3-4 anni) compresi IFTS","SLGIROC","un ragazzo schiaffeggia la sua fidanzata perché ha civettato/flirtato con un altro uomo","ALWACC","sempre accettabile","2018","2018",0.2,,
"IT","Italia","P18_74_ACCINT","persone di 18-74 anni per grado di accettabilità di alcuni comportamenti nella coppia (composizione %)","M","maschi","NP","licenza di scuola elementare, nessun titolo di studio","SLGIROC","un ragazzo schiaffeggia la sua fidanzata perché ha civettato/flirtato con un altro uomo","ALWACC","sempre accettabile","2018","2018",1.1,,
"IT","Italia","P18_74_ACCINT","persone di 18-74 anni per grado di accettabilità di alcuni comportamenti nella coppia (composizione %)","M","maschi","LSE","licenza di scuola media inferiore o di avviamento professionale","SLGIROC","un ragazzo schiaffeggia la sua fidanzata perché ha civettato/flirtato con un altro uomo","ALWACC","sempre accettabile","2018","2018",0.5,,
"IT","Italia","P18_74_ACCINT","persone di 18-74 anni per grado di accettabilità di alcuni comportamenti nella coppia (composizione %)","M","maschi","CLF_ML","laurea o diploma universitario","SLGIROC","un ragazzo schiaffeggia la sua fidanzata perché ha civettato/flirtato con un altro uomo","ALWACC","sempre accettabile","2018","2018",0,,
"IT","Italia","P18_74_ACCINT","persone di 18-74 anni per grado di accettabilità di alcuni comportamenti nella coppia (composizione %)","M","maschi","USE_IF","diploma di istruzione secondaria di II grado o di qualifica professionale (corso di 3-4 anni) compresi IFTS","NSMOCC","in una relazione di coppia è normale che ci scappi uno schiaffo ogni tanto","ALWACC","sempre accettabile","2018","2018",0.3,,
"IT","Italia","P18_74_ACCINT","persone di 18-74 anni per grado di accettabilità di alcuni comportamenti nella coppia (composizione %)","M","maschi","NP","licenza di scuola elementare, nessun titolo di studio","NSMOCC","in una relazione di coppia è normale che ci scappi uno schiaffo ogni tanto","ALWACC","sempre accettabile","2018","2018",1.8,,
"IT","Italia","P18_74_ACCINT","persone di 18-74 anni per grado di accettabilità di alcuni comportamenti nella coppia (composizione %)","M","maschi","LSE","licenza di scuola media inferiore o di avviamento professionale","NSMOCC","in una relazione di coppia è normale che ci scappi uno schiaffo ogni tanto","ALWACC","sempre accettabile","2018","2018",0.3,,
"IT","Italia","P18_74_ACCINT","persone di 18-74 anni per grado di accettabilità di alcuni comportamenti nella coppia (composizione %)","M","maschi","CLF_ML","laurea o diploma universitario","NSMOCC","in una relazione di coppia è normale che ci scappi uno schiaffo ogni tanto","ALWACC","sempre accettabile","2018","2018",0.1,,
"IT","Italia","P18_74_ACCINT","persone di 18-74 anni per grado di accettabilità di alcuni comportamenti nella coppia (composizione %)","M","maschi","USE_IF","diploma di istruzione secondaria di II grado o di qualifica professionale (corso di 3-4 anni) compresi IFTS","HABCONTR","un uomo controlla abitualmente il cellulare,l’attività sui social network della moglie/compagna","ALWACC","sempre accettabile","2018","2018",0.8,,
"IT","Italia","P18_74_ACCINT","persone di 18-74 anni per grado di accettabilità di alcuni comportamenti nella coppia (composizione %)","M","maschi","NP","licenza di scuola elementare, nessun titolo di studio","HABCONTR","un uomo controlla abitualmente il cellulare,l’attività sui social network della moglie/compagna","ALWACC","sempre accettabile","2018","2018",1.1,,
"IT","Italia","P18_74_ACCINT","persone di 18-74 anni per grado di accettabilità di alcuni comportamenti nella coppia (composizione %)","M","maschi","LSE","licenza di scuola media inferiore o di avviamento professionale","HABCONTR","un uomo controlla abitualmente il cellulare,l’attività sui social network della moglie/compagna","ALWACC","sempre accettabile","2018","2018",1.1,,
"IT","Italia","P18_74_ACCINT","persone di 18-74 anni per grado di accettabilità di alcuni comportamenti nella coppia (composizione %)","M","maschi","CLF_ML","laurea o diploma universitario","HABCONTR","un uomo controlla abitualmente il cellulare,l’attività sui social network della moglie/compagna","ALWACC","sempre accettabile","2018","2018",0.3,,
"IT","Italia","P18_74_ACCINT","persone di 18-74 anni per grado di accettabilità di alcuni comportamenti nella coppia (composizione %)","F","femmine","USE_IF","diploma di istruzione secondaria di II grado o di qualifica professionale (corso di 3-4 anni) compresi IFTS","SLGIROC","un ragazzo schiaffeggia la sua fidanzata perché ha civettato/flirtato con un altro uomo","ALWACC","sempre accettabile","2018","2018",0.5,,
"IT","Italia","P18_74_ACCINT","persone di 18-74 anni per grado di accettabilità di alcuni comportamenti nella coppia (composizione %)","F","femmine","NP","licenza di scuola elementare, nessun titolo di studio","SLGIROC","un ragazzo schiaffeggia la sua fidanzata perché ha civettato/flirtato con un altro uomo","ALWACC","sempre accettabile","2018","2018",0.5,,
"IT","Italia","P18_74_ACCINT","persone di 18-74 anni per grado di accettabilità di alcuni comportamenti nella coppia (composizione %)","F","femmine","LSE","licenza di scuola media inferiore o di avviamento professionale","SLGIROC","un ragazzo schiaffeggia la sua fidanzata perché ha civettato/flirtato con un altro uomo","ALWACC","sempre accettabile","2018","2018",0.2,,
"IT","Italia","P18_74_ACCINT","persone di 18-74 anni per grado di accettabilità di alcuni comportamenti nella coppia (composizione %)","F","femmine","CLF_ML","laurea o diploma universitario","SLGIROC","un ragazzo schiaffeggia la sua fidanzata perché ha civettato/flirtato con un altro uomo","ALWACC","sempre accettabile","2018","2018",0.1,,
"IT","Italia","P18_74_ACCINT","persone di 18-74 anni per grado di accettabilità di alcuni comportamenti nella coppia (composizione %)","F","femmine","USE_IF","diploma di istruzione secondaria di II grado o di qualifica professionale (corso di 3-4 anni) compresi IFTS","NSMOCC","in una relazione di coppia è normale che ci scappi uno schiaffo ogni tanto","ALWACC","sempre accettabile","2018","2018",0.2,,
"IT","Italia","P18_74_ACCINT","persone di 18-74 anni per grado di accettabilità di alcuni comportamenti nella coppia (composizione %)","F","femmine","NP","licenza di scuola elementare, nessun titolo di studio","NSMOCC","in una relazione di coppia è normale che ci scappi uno schiaffo ogni tanto","ALWACC","sempre accettabile","2018","2018",0.2,,
"IT","Italia","P18_74_ACCINT","persone di 18-74 anni per grado di accettabilità di alcuni comportamenti nella coppia (composizione %)","F","femmine","LSE","licenza di scuola media inferiore o di avviamento professionale","NSMOCC","in una relazione di coppia è normale che ci scappi uno schiaffo ogni tanto","ALWACC","sempre accettabile","2018","2018",0,,
"IT","Italia","P18_74_ACCINT","persone di 18-74 anni per grado di accettabilità di alcuni comportamenti nella coppia (composizione %)","F","femmine","CLF_ML","laurea o diploma universitario","NSMOCC","in una relazione di coppia è normale che ci scappi uno schiaffo ogni tanto","ALWACC","sempre accettabile","2018","2018",0,,
"IT","Italia","P18_74_ACCINT","persone di 18-74 anni per grado di accettabilità di alcuni comportamenti nella coppia (composizione %)","F","femmine","USE_IF","diploma di istruzione secondaria di II grado o di qualifica professionale (corso di 3-4 anni) compresi IFTS","HABCONTR","un uomo controlla abitualmente il cellulare,l’attività sui social network della moglie/compagna","ALWACC","sempre accettabile","2018","2018",0.6,,
"IT","Italia","P18_74_ACCINT","persone di 18-74 anni per grado di accettabilità di alcuni comportamenti nella coppia (composizione %)","F","femmine","NP","licenza di scuola elementare, nessun titolo di studio","HABCONTR","un uomo controlla abitualmente il cellulare,l’attività sui social network della moglie/compagna","ALWACC","sempre accettabile","2018","2018",1.1,,
"IT","Italia","P18_74_ACCINT","persone di 18-74 anni per grado di accettabilità di alcuni comportamenti nella coppia (composizione %)","F","femmine","LSE","licenza di scuola media inferiore o di avviamento professionale","HABCONTR","un uomo controlla abitualmente il cellulare,l’attività sui social network della moglie/compagna","ALWACC","sempre accettabile","2018","2018",2,,
"IT","Italia","P18_74_ACCINT","persone di 18-74 anni per grado di accettabilità di alcuni comportamenti nella coppia (composizione %)","F","femmine","CLF_ML","laurea o diploma universitario","HABCONTR","un uomo controlla abitualmente il cellulare,l’attività sui social network della moglie/compagna","ALWACC","sempre accettabile","2018","2018",0.5,,
"IT","Italia","P18_74_ACCINT","persone di 18-74 anni per grado di accettabilità di alcuni comportamenti nella coppia (composizione %)","T","totale","USE_IF","diploma di istruzione secondaria di II grado o di qualifica professionale (corso di 3-4 anni) compresi IFTS","SLGIROC","un ragazzo schiaffeggia la sua fidanzata perché ha civettato/flirtato con un altro uomo","ALWACC","sempre accettabile","2018","2018",0.3,,
"IT","Italia","P18_74_ACCINT","persone di 18-74 anni per grado di accettabilità di alcuni comportamenti nella coppia (composizione %)","T","totale","NP","licenza di scuola elementare, nessun titolo di studio","SLGIROC","un ragazzo schiaffeggia la sua fidanzata perché ha civettato/flirtato con un altro uomo","ALWACC","sempre accettabile","2018","2018",0.7,,
"IT","Italia","P18_74_ACCINT","persone di 18-74 anni per grado di accettabilità di alcuni comportamenti nella coppia (composizione %)","T","totale","LSE","licenza di scuola media inferiore o di avviamento professionale","SLGIROC","un ragazzo schiaffeggia la sua fidanzata perché ha civettato/flirtato con un altro uomo","ALWACC","sempre accettabile","2018","2018",0.4,,
"IT","Italia","P18_74_ACCINT","persone di 18-74 anni per grado di accettabilità di alcuni comportamenti nella coppia (composizione %)","T","totale","CLF_ML","laurea o diploma universitario","SLGIROC","un ragazzo schiaffeggia la sua fidanzata perché ha civettato/flirtato con un altro uomo","ALWACC","sempre accettabile","2018","2018",0,,
"IT","Italia","P18_74_ACCINT","persone di 18-74 anni per grado di accettabilità di alcuni comportamenti nella coppia (composizione %)","T","totale","USE_IF","diploma di istruzione secondaria di II grado o di qualifica professionale (corso di 3-4 anni) compresi IFTS","NSMOCC","in una relazione di coppia è normale che ci scappi uno schiaffo ogni tanto","ALWACC","sempre accettabile","2018","2018",0.2,,
"IT","Italia","P18_74_ACCINT","persone di 18-74 anni per grado di accettabilità di alcuni comportamenti nella coppia (composizione %)","T","totale","NP","licenza di scuola elementare, nessun titolo di studio","NSMOCC","in una relazione di coppia è normale che ci scappi uno schiaffo ogni tanto","ALWACC","sempre accettabile","2018","2018",0.8,,
"IT","Italia","P18_74_ACCINT","persone di 18-74 anni per grado di accettabilità di alcuni comportamenti nella coppia (composizione %)","T","totale","LSE","licenza di scuola media inferiore o di avviamento professionale","NSMOCC","in una relazione di coppia è normale che ci scappi uno schiaffo ogni tanto","ALWACC","sempre accettabile","2018","2018",0.2,,
"IT","Italia","P18_74_ACCINT","persone di 18-74 anni per grado di accettabilità di alcuni comportamenti nella coppia (composizione %)","T","totale","CLF_ML","laurea o diploma universitario","NSMOCC","in una relazione di coppia è normale che ci scappi uno schiaffo ogni tanto","ALWACC","sempre accettabile","2018","2018",0.1,,
"IT","Italia","P18_74_ACCINT","persone di 18-74 anni per grado di accettabilità di alcuni comportamenti nella coppia (composizione %)","T","totale","USE_IF","diploma di istruzione secondaria di II grado o di qualifica professionale (corso di 3-4 anni) compresi IFTS","HABCONTR","un uomo controlla abitualmente il cellulare,l’attività sui social network della moglie/compagna","ALWACC","sempre accettabile","2018","2018",0.7,,
"IT","Italia","P18_74_ACCINT","persone di 18-74 anni per grado di accettabilità di alcuni comportamenti nella coppia (composizione %)","T","totale","NP","licenza di scuola elementare, nessun titolo di studio","HABCONTR","un uomo controlla abitualmente il cellulare,l’attività sui social network della moglie/compagna","ALWACC","sempre accettabile","2018","2018",1.1,,
"IT","Italia","P18_74_ACCINT","persone di 18-74 anni per grado di accettabilità di alcuni comportamenti nella coppia (composizione %)","T","totale","LSE","licenza di scuola media inferiore o di avviamento professionale","HABCONTR","un uomo controlla abitualmente il cellulare,l’attività sui social network della moglie/compagna","ALWACC","sempre accettabile","2018","2018",1.5,,
"IT","Italia","P18_74_ACCINT","persone di 18-74 anni per grado di accettabilità di alcuni comportamenti nella coppia (composizione %)","T","totale","CLF_ML","laurea o diploma universitario","HABCONTR","un uomo controlla abitualmente il cellulare,l’attività sui social network della moglie/compagna","ALWACC","sempre accettabile","2018","2018",0.4,,
"IT","Italia","P18_74_ACCINT","persone di 18-74 anni per grado di accettabilità di alcuni comportamenti nella coppia (composizione %)","M","maschi","USE_IF","diploma di istruzione secondaria di II grado o di qualifica professionale (corso di 3-4 anni) compresi IFTS","SLGIROC","un ragazzo schiaffeggia la sua fidanzata perché ha civettato/flirtato con un altro uomo","ACUNDCIR","in certe circostanze accettabile","2018","2018",8.6,,
"IT","Italia","P18_74_ACCINT","persone di 18-74 anni per grado di accettabilità di alcuni comportamenti nella coppia (composizione %)","M","maschi","NP","licenza di scuola elementare, nessun titolo di studio","SLGIROC","un ragazzo schiaffeggia la sua fidanzata perché ha civettato/flirtato con un altro uomo","ACUNDCIR","in certe circostanze accettabile","2018","2018",11.8,,
"IT","Italia","P18_74_ACCINT","persone di 18-74 anni per grado di accettabilità di alcuni comportamenti nella coppia (composizione %)","M","maschi","LSE","licenza di scuola media inferiore o di avviamento professionale","SLGIROC","un ragazzo schiaffeggia la sua fidanzata perché ha civettato/flirtato con un altro uomo","ACUNDCIR","in certe circostanze accettabile","2018","2018",9.6,,
"IT","Italia","P18_74_ACCINT","persone di 18-74 anni per grado di accettabilità di alcuni comportamenti nella coppia (composizione %)","M","maschi","CLF_ML","laurea o diploma universitario","SLGIROC","un ragazzo schiaffeggia la sua fidanzata perché ha civettato/flirtato con un altro uomo","ACUNDCIR","in certe circostanze accettabile","2018","2018",6.3,,
"IT","Italia","P18_74_ACCINT","persone di 18-74 anni per grado di accettabilità di alcuni comportamenti nella coppia (composizione %)","M","maschi","USE_IF","diploma di istruzione secondaria di II grado o di qualifica professionale (corso di 3-4 anni) compresi IFTS","NSMOCC","in una relazione di coppia è normale che ci scappi uno schiaffo ogni tanto","ACUNDCIR","in certe circostanze accettabile","2018","2018",7.3,,
"IT","Italia","P18_74_ACCINT","persone di 18-74 anni per grado di accettabilità di alcuni comportamenti nella coppia (composizione %)","M","maschi","NP","licenza di scuola elementare, nessun titolo di studio","NSMOCC","in una relazione di coppia è normale che ci scappi uno schiaffo ogni tanto","ACUNDCIR","in certe circostanze accettabile","2018","2018",10.6,,
"IT","Italia","P18_74_ACCINT","persone di 18-74 anni per grado di accettabilità di alcuni comportamenti nella coppia (composizione %)","M","maschi","LSE","licenza di scuola media inferiore o di avviamento professionale","NSMOCC","in una relazione di coppia è normale che ci scappi uno schiaffo ogni tanto","ACUNDCIR","in certe circostanze accettabile","2018","2018",8.5,,
"IT","Italia","P18_74_ACCINT","persone di 18-74 anni per grado di accettabilità di alcuni comportamenti nella coppia (composizione %)","M","maschi","CLF_ML","laurea o diploma universitario","NSMOCC","in una relazione di coppia è normale che ci scappi uno schiaffo ogni tanto","ACUNDCIR","in certe circostanze accettabile","2018","2018",7.1,,
"IT","Italia","P18_74_ACCINT","persone di 18-74 anni per grado di accettabilità di alcuni comportamenti nella coppia (composizione %)","M","maschi","USE_IF","diploma di istruzione secondaria di II grado o di qualifica professionale (corso di 3-4 anni) compresi IFTS","HABCONTR","un uomo controlla abitualmente il cellulare,l’attività sui social network della moglie/compagna","ACUNDCIR","in certe circostanze accettabile","2018","2018",17.6,,
"IT","Italia","P18_74_ACCINT","persone di 18-74 anni per grado di accettabilità di alcuni comportamenti nella coppia (composizione %)","M","maschi","NP","licenza di scuola elementare, nessun titolo di studio","HABCONTR","un uomo controlla abitualmente il cellulare,l’attività sui social network della moglie/compagna","ACUNDCIR","in certe circostanze accettabile","2018","2018",13.7,,
"IT","Italia","P18_74_ACCINT","persone di 18-74 anni per grado di accettabilità di alcuni comportamenti nella coppia (composizione %)","M","maschi","LSE","licenza di scuola media inferiore o di avviamento professionale","HABCONTR","un uomo controlla abitualmente il cellulare,l’attività sui social network della moglie/compagna","ACUNDCIR","in certe circostanze accettabile","2018","2018",16.3,,
"IT","Italia","P18_74_ACCINT","persone di 18-74 anni per grado di accettabilità di alcuni comportamenti nella coppia (composizione %)","M","maschi","CLF_ML","laurea o diploma universitario","HABCONTR","un uomo controlla abitualmente il cellulare,l’attività sui social network della moglie/compagna","ACUNDCIR","in certe circostanze accettabile","2018","2018",16.6,,
"IT","Italia","P18_74_ACCINT","persone di 18-74 anni per grado di accettabilità di alcuni comportamenti nella coppia (composizione %)","F","femmine","USE_IF","diploma di istruzione secondaria di II grado o di qualifica professionale (corso di 3-4 anni) compresi IFTS","SLGIROC","un ragazzo schiaffeggia la sua fidanzata perché ha civettato/flirtato con un altro uomo","ACUNDCIR","in certe circostanze accettabile","2018","2018",4.6,,
"IT","Italia","P18_74_ACCINT","persone di 18-74 anni per grado di accettabilità di alcuni comportamenti nella coppia (composizione %)","F","femmine","NP","licenza di scuola elementare, nessun titolo di studio","SLGIROC","un ragazzo schiaffeggia la sua fidanzata perché ha civettato/flirtato con un altro uomo","ACUNDCIR","in certe circostanze accettabile","2018","2018",8.2,,
"IT","Italia","P18_74_ACCINT","persone di 18-74 anni per grado di accettabilità di alcuni comportamenti nella coppia (composizione %)","F","femmine","LSE","licenza di scuola media inferiore o di avviamento professionale","SLGIROC","un ragazzo schiaffeggia la sua fidanzata perché ha civettato/flirtato con un altro uomo","ACUNDCIR","in certe circostanze accettabile","2018","2018",6.2,,
"IT","Italia","P18_74_ACCINT","persone di 18-74 anni per grado di accettabilità di alcuni comportamenti nella coppia (composizione %)","F","femmine","CLF_ML","laurea o diploma universitario","SLGIROC","un ragazzo schiaffeggia la sua fidanzata perché ha civettato/flirtato con un altro uomo","ACUNDCIR","in certe circostanze accettabile","2018","2018",3.7,,
"IT","Italia","P18_74_ACCINT","persone di 18-74 anni per grado di accettabilità di alcuni comportamenti nella coppia (composizione %)","F","femmine","USE_IF","diploma di istruzione secondaria di II grado o di qualifica professionale (corso di 3-4 anni) compresi IFTS","NSMOCC","in una relazione di coppia è normale che ci scappi uno schiaffo ogni tanto","ACUNDCIR","in certe circostanze accettabile","2018","2018",3.1,,
"IT","Italia","P18_74_ACCINT","persone di 18-74 anni per grado di accettabilità di alcuni comportamenti nella coppia (composizione %)","F","femmine","NP","licenza di scuola elementare, nessun titolo di studio","NSMOCC","in una relazione di coppia è normale che ci scappi uno schiaffo ogni tanto","ACUNDCIR","in certe circostanze accettabile","2018","2018",7.3,,
"IT","Italia","P18_74_ACCINT","persone di 18-74 anni per grado di accettabilità di alcuni comportamenti nella coppia (composizione %)","F","femmine","LSE","licenza di scuola media inferiore o di avviamento professionale","NSMOCC","in una relazione di coppia è normale che ci scappi uno schiaffo ogni tanto","ACUNDCIR","in certe circostanze accettabile","2018","2018",5,,
"IT","Italia","P18_74_ACCINT","persone di 18-74 anni per grado di accettabilità di alcuni comportamenti nella coppia (composizione %)","F","femmine","CLF_ML","laurea o diploma universitario","NSMOCC","in una relazione di coppia è normale che ci scappi uno schiaffo ogni tanto","ACUNDCIR","in certe circostanze accettabile","2018","2018",2.4,,
"IT","Italia","P18_74_ACCINT","persone di 18-74 anni per grado di accettabilità di alcuni comportamenti nella coppia (composizione %)","F","femmine","USE_IF","diploma di istruzione secondaria di II grado o di qualifica professionale (corso di 3-4 anni) compresi IFTS","HABCONTR","un uomo controlla abitualmente il cellulare,l’attività sui social network della moglie/compagna","ACUNDCIR","in certe circostanze accettabile","2018","2018",19.1,,
"IT","Italia","P18_74_ACCINT","persone di 18-74 anni per grado di accettabilità di alcuni comportamenti nella coppia (composizione %)","F","femmine","NP","licenza di scuola elementare, nessun titolo di studio","HABCONTR","un uomo controlla abitualmente il cellulare,l’attività sui social network della moglie/compagna","ACUNDCIR","in certe circostanze accettabile","2018","2018",15,,
"IT","Italia","P18_74_ACCINT","persone di 18-74 anni per grado di accettabilità di alcuni comportamenti nella coppia (composizione %)","F","femmine","LSE","licenza di scuola media inferiore o di avviamento professionale","HABCONTR","un uomo controlla abitualmente il cellulare,l’attività sui social network della moglie/compagna","ACUNDCIR","in certe circostanze accettabile","2018","2018",17,,
"IT","Italia","P18_74_ACCINT","persone di 18-74 anni per grado di accettabilità di alcuni comportamenti nella coppia (composizione %)","F","femmine","CLF_ML","laurea o diploma universitario","HABCONTR","un uomo controlla abitualmente il cellulare,l’attività sui social network della moglie/compagna","ACUNDCIR","in certe circostanze accettabile","2018","2018",13.1,,
"IT","Italia","P18_74_ACCINT","persone di 18-74 anni per grado di accettabilità di alcuni comportamenti nella coppia (composizione %)","T","totale","USE_IF","diploma di istruzione secondaria di II grado o di qualifica professionale (corso di 3-4 anni) compresi IFTS","SLGIROC","un ragazzo schiaffeggia la sua fidanzata perché ha civettato/flirtato con un altro uomo","ACUNDCIR","in certe circostanze accettabile","2018","2018",6.7,,
"IT","Italia","P18_74_ACCINT","persone di 18-74 anni per grado di accettabilità di alcuni comportamenti nella coppia (composizione %)","T","totale","NP","licenza di scuola elementare, nessun titolo di studio","SLGIROC","un ragazzo schiaffeggia la sua fidanzata perché ha civettato/flirtato con un altro uomo","ACUNDCIR","in certe circostanze accettabile","2018","2018",9.5,,
"IT","Italia","P18_74_ACCINT","persone di 18-74 anni per grado di accettabilità di alcuni comportamenti nella coppia (composizione %)","T","totale","LSE","licenza di scuola media inferiore o di avviamento professionale","SLGIROC","un ragazzo schiaffeggia la sua fidanzata perché ha civettato/flirtato con un altro uomo","ACUNDCIR","in certe circostanze accettabile","2018","2018",8,,
"IT","Italia","P18_74_ACCINT","persone di 18-74 anni per grado di accettabilità di alcuni comportamenti nella coppia (composizione %)","T","totale","CLF_ML","laurea o diploma universitario","SLGIROC","un ragazzo schiaffeggia la sua fidanzata perché ha civettato/flirtato con un altro uomo","ACUNDCIR","in certe circostanze accettabile","2018","2018",4.9,,
"IT","Italia","P18_74_ACCINT","persone di 18-74 anni per grado di accettabilità di alcuni comportamenti nella coppia (composizione %)","T","totale","USE_IF","diploma di istruzione secondaria di II grado o di qualifica professionale (corso di 3-4 anni) compresi IFTS","NSMOCC","in una relazione di coppia è normale che ci scappi uno schiaffo ogni tanto","ACUNDCIR","in certe circostanze accettabile","2018","2018",5.3,,
"IT","Italia","P18_74_ACCINT","persone di 18-74 anni per grado di accettabilità di alcuni comportamenti nella coppia (composizione %)","T","totale","NP","licenza di scuola elementare, nessun titolo di studio","NSMOCC","in una relazione di coppia è normale che ci scappi uno schiaffo ogni tanto","ACUNDCIR","in certe circostanze accettabile","2018","2018",8.5,,
"IT","Italia","P18_74_ACCINT","persone di 18-74 anni per grado di accettabilità di alcuni comportamenti nella coppia (composizione %)","T","totale","LSE","licenza di scuola media inferiore o di avviamento professionale","NSMOCC","in una relazione di coppia è normale che ci scappi uno schiaffo ogni tanto","ACUNDCIR","in certe circostanze accettabile","2018","2018",6.8,,
"IT","Italia","P18_74_ACCINT","persone di 18-74 anni per grado di accettabilità di alcuni comportamenti nella coppia (composizione %)","T","totale","CLF_ML","laurea o diploma universitario","NSMOCC","in una relazione di coppia è normale che ci scappi uno schiaffo ogni tanto","ACUNDCIR","in certe circostanze accettabile","2018","2018",4.6,,
"IT","Italia","P18_74_ACCINT","persone di 18-74 anni per grado di accettabilità di alcuni comportamenti nella coppia (composizione %)","T","totale","USE_IF","diploma di istruzione secondaria di II grado o di qualifica professionale (corso di 3-4 anni) compresi IFTS","HABCONTR","un uomo controlla abitualmente il cellulare,l’attività sui social network della moglie/compagna","ACUNDCIR","in certe circostanze accettabile","2018","2018",18.3,,
"IT","Italia","P18_74_ACCINT","persone di 18-74 anni per grado di accettabilità di alcuni comportamenti nella coppia (composizione %)","T","totale","NP","licenza di scuola elementare, nessun titolo di studio","HABCONTR","un uomo controlla abitualmente il cellulare,l’attività sui social network della moglie/compagna","ACUNDCIR","in certe circostanze accettabile","2018","2018",14.5,,
"IT","Italia","P18_74_ACCINT","persone di 18-74 anni per grado di accettabilità di alcuni comportamenti nella coppia (composizione %)","T","totale","LSE","licenza di scuola media inferiore o di avviamento professionale","HABCONTR","un uomo controlla abitualmente il cellulare,l’attività sui social network della moglie/compagna","ACUNDCIR","in certe circostanze accettabile","2018","2018",16.7,,
"IT","Italia","P18_74_ACCINT","persone di 18-74 anni per grado di accettabilità di alcuni comportamenti nella coppia (composizione %)","T","totale","CLF_ML","laurea o diploma universitario","HABCONTR","un uomo controlla abitualmente il cellulare,l’attività sui social network della moglie/compagna","ACUNDCIR","in certe circostanze accettabile","2018","2018",14.7,,
"IT","Italia","P18_74_ACCINT","persone di 18-74 anni per grado di accettabilità di alcuni comportamenti nella coppia (composizione %)","M","maschi","USE_IF","diploma di istruzione secondaria di II grado o di qualifica professionale (corso di 3-4 anni) compresi IFTS","SLGIROC","un ragazzo schiaffeggia la sua fidanzata perché ha civettato/flirtato con un altro uomo","NEVACC","mai accettabile","2018","2018",90,,
"IT","Italia","P18_74_ACCINT","persone di 18-74 anni per grado di accettabilità di alcuni comportamenti nella coppia (composizione %)","M","maschi","NP","licenza di scuola elementare, nessun titolo di studio","SLGIROC","un ragazzo schiaffeggia la sua fidanzata perché ha civettato/flirtato con un altro uomo","NEVACC","mai accettabile","2018","2018",79.7,,
"IT","Italia","P18_74_ACCINT","persone di 18-74 anni per grado di accettabilità di alcuni comportamenti nella coppia (composizione %)","M","maschi","LSE","licenza di scuola media inferiore o di avviamento professionale","SLGIROC","un ragazzo schiaffeggia la sua fidanzata perché ha civettato/flirtato con un altro uomo","NEVACC","mai accettabile","2018","2018",87.9,,
"IT","Italia","P18_74_ACCINT","persone di 18-74 anni per grado di accettabilità di alcuni comportamenti nella coppia (composizione %)","M","maschi","CLF_ML","laurea o diploma universitario","SLGIROC","un ragazzo schiaffeggia la sua fidanzata perché ha civettato/flirtato con un altro uomo","NEVACC","mai accettabile","2018","2018",93.2,,
"IT","Italia","P18_74_ACCINT","persone di 18-74 anni per grado di accettabilità di alcuni comportamenti nella coppia (composizione %)","M","maschi","USE_IF","diploma di istruzione secondaria di II grado o di qualifica professionale (corso di 3-4 anni) compresi IFTS","NSMOCC","in una relazione di coppia è normale che ci scappi uno schiaffo ogni tanto","NEVACC","mai accettabile","2018","2018",91.2,,
"IT","Italia","P18_74_ACCINT","persone di 18-74 anni per grado di accettabilità di alcuni comportamenti nella coppia (composizione %)","M","maschi","NP","licenza di scuola elementare, nessun titolo di studio","NSMOCC","in una relazione di coppia è normale che ci scappi uno schiaffo ogni tanto","NEVACC","mai accettabile","2018","2018",81.7,,
"IT","Italia","P18_74_ACCINT","persone di 18-74 anni per grado di accettabilità di alcuni comportamenti nella coppia (composizione %)","M","maschi","LSE","licenza di scuola media inferiore o di avviamento professionale","NSMOCC","in una relazione di coppia è normale che ci scappi uno schiaffo ogni tanto","NEVACC","mai accettabile","2018","2018",89.8,,
"IT","Italia","P18_74_ACCINT","persone di 18-74 anni per grado di accettabilità di alcuni comportamenti nella coppia (composizione %)","M","maschi","CLF_ML","laurea o diploma universitario","NSMOCC","in una relazione di coppia è normale che ci scappi uno schiaffo ogni tanto","NEVACC","mai accettabile","2018","2018",92.2,,
"IT","Italia","P18_74_ACCINT","persone di 18-74 anni per grado di accettabilità di alcuni comportamenti nella coppia (composizione %)","M","maschi","USE_IF","diploma di istruzione secondaria di II grado o di qualifica professionale (corso di 3-4 anni) compresi IFTS","HABCONTR","un uomo controlla abitualmente il cellulare,l’attività sui social network della moglie/compagna","NEVACC","mai accettabile","2018","2018",80.6,,
"IT","Italia","P18_74_ACCINT","persone di 18-74 anni per grado di accettabilità di alcuni comportamenti nella coppia (composizione %)","M","maschi","NP","licenza di scuola elementare, nessun titolo di studio","HABCONTR","un uomo controlla abitualmente il cellulare,l’attività sui social network della moglie/compagna","NEVACC","mai accettabile","2018","2018",77.9,,
"IT","Italia","P18_74_ACCINT","persone di 18-74 anni per grado di accettabilità di alcuni comportamenti nella coppia (composizione %)","M","maschi","LSE","licenza di scuola media inferiore o di avviamento professionale","HABCONTR","un uomo controlla abitualmente il cellulare,l’attività sui social network della moglie/compagna","NEVACC","mai accettabile","2018","2018",81,,
"IT","Italia","P18_74_ACCINT","persone di 18-74 anni per grado di accettabilità di alcuni comportamenti nella coppia (composizione %)","M","maschi","CLF_ML","laurea o diploma universitario","HABCONTR","un uomo controlla abitualmente il cellulare,l’attività sui social network della moglie/compagna","NEVACC","mai accettabile","2018","2018",82.7,,
"IT","Italia","P18_74_ACCINT","persone di 18-74 anni per grado di accettabilità di alcuni comportamenti nella coppia (composizione %)","F","femmine","USE_IF","diploma di istruzione secondaria di II grado o di qualifica professionale (corso di 3-4 anni) compresi IFTS","SLGIROC","un ragazzo schiaffeggia la sua fidanzata perché ha civettato/flirtato con un altro uomo","NEVACC","mai accettabile","2018","2018",94.2,,
"IT","Italia","P18_74_ACCINT","persone di 18-74 anni per grado di accettabilità di alcuni comportamenti nella coppia (composizione %)","F","femmine","NP","licenza di scuola elementare, nessun titolo di studio","SLGIROC","un ragazzo schiaffeggia la sua fidanzata perché ha civettato/flirtato con un altro uomo","NEVACC","mai accettabile","2018","2018",86.5,,
"IT","Italia","P18_74_ACCINT","persone di 18-74 anni per grado di accettabilità di alcuni comportamenti nella coppia (composizione %)","F","femmine","LSE","licenza di scuola media inferiore o di avviamento professionale","SLGIROC","un ragazzo schiaffeggia la sua fidanzata perché ha civettato/flirtato con un altro uomo","NEVACC","mai accettabile","2018","2018",91.8,,
"IT","Italia","P18_74_ACCINT","persone di 18-74 anni per grado di accettabilità di alcuni comportamenti nella coppia (composizione %)","F","femmine","CLF_ML","laurea o diploma universitario","SLGIROC","un ragazzo schiaffeggia la sua fidanzata perché ha civettato/flirtato con un altro uomo","NEVACC","mai accettabile","2018","2018",95.8,,
"IT","Italia","P18_74_ACCINT","persone di 18-74 anni per grado di accettabilità di alcuni comportamenti nella coppia (composizione %)","F","femmine","USE_IF","diploma di istruzione secondaria di II grado o di qualifica professionale (corso di 3-4 anni) compresi IFTS","NSMOCC","in una relazione di coppia è normale che ci scappi uno schiaffo ogni tanto","NEVACC","mai accettabile","2018","2018",96,,
"IT","Italia","P18_74_ACCINT","persone di 18-74 anni per grado di accettabilità di alcuni comportamenti nella coppia (composizione %)","F","femmine","NP","licenza di scuola elementare, nessun titolo di studio","NSMOCC","in una relazione di coppia è normale che ci scappi uno schiaffo ogni tanto","NEVACC","mai accettabile","2018","2018",87.9,,
"IT","Italia","P18_74_ACCINT","persone di 18-74 anni per grado di accettabilità di alcuni comportamenti nella coppia (composizione %)","F","femmine","LSE","licenza di scuola media inferiore o di avviamento professionale","NSMOCC","in una relazione di coppia è normale che ci scappi uno schiaffo ogni tanto","NEVACC","mai accettabile","2018","2018",93.5,,
"IT","Italia","P18_74_ACCINT","persone di 18-74 anni per grado di accettabilità di alcuni comportamenti nella coppia (composizione %)","F","femmine","CLF_ML","laurea o diploma universitario","NSMOCC","in una relazione di coppia è normale che ci scappi uno schiaffo ogni tanto","NEVACC","mai accettabile","2018","2018",97.1,,
"IT","Italia","P18_74_ACCINT","persone di 18-74 anni per grado di accettabilità di alcuni comportamenti nella coppia (composizione %)","F","femmine","USE_IF","diploma di istruzione secondaria di II grado o di qualifica professionale (corso di 3-4 anni) compresi IFTS","HABCONTR","un uomo controlla abitualmente il cellulare,l’attività sui social network della moglie/compagna","NEVACC","mai accettabile","2018","2018",79.5,,
"IT","Italia","P18_74_ACCINT","persone di 18-74 anni per grado di accettabilità di alcuni comportamenti nella coppia (composizione %)","F","femmine","NP","licenza di scuola elementare, nessun titolo di studio","HABCONTR","un uomo controlla abitualmente il cellulare,l’attività sui social network della moglie/compagna","NEVACC","mai accettabile","2018","2018",78.2,,
"IT","Italia","P18_74_ACCINT","persone di 18-74 anni per grado di accettabilità di alcuni comportamenti nella coppia (composizione %)","F","femmine","LSE","licenza di scuola media inferiore o di avviamento professionale","HABCONTR","un uomo controlla abitualmente il cellulare,l’attività sui social network della moglie/compagna","NEVACC","mai accettabile","2018","2018",79.1,,
"IT","Italia","P18_74_ACCINT","persone di 18-74 anni per grado di accettabilità di alcuni comportamenti nella coppia (composizione %)","F","femmine","CLF_ML","laurea o diploma universitario","HABCONTR","un uomo controlla abitualmente il cellulare,l’attività sui social network della moglie/compagna","NEVACC","mai accettabile","2018","2018",86,,
"IT","Italia","P18_74_ACCINT","persone di 18-74 anni per grado di accettabilità di alcuni comportamenti nella coppia (composizione %)","T","totale","USE_IF","diploma di istruzione secondaria di II grado o di qualifica professionale (corso di 3-4 anni) compresi IFTS","SLGIROC","un ragazzo schiaffeggia la sua fidanzata perché ha civettato/flirtato con un altro uomo","NEVACC","mai accettabile","2018","2018",92,,
"IT","Italia","P18_74_ACCINT","persone di 18-74 anni per grado di accettabilità di alcuni comportamenti nella coppia (composizione %)","T","totale","NP","licenza di scuola elementare, nessun titolo di studio","SLGIROC","un ragazzo schiaffeggia la sua fidanzata perché ha civettato/flirtato con un altro uomo","NEVACC","mai accettabile","2018","2018",84.1,,
"IT","Italia","P18_74_ACCINT","persone di 18-74 anni per grado di accettabilità di alcuni comportamenti nella coppia (composizione %)","T","totale","LSE","licenza di scuola media inferiore o di avviamento professionale","SLGIROC","un ragazzo schiaffeggia la sua fidanzata perché ha civettato/flirtato con un altro uomo","NEVACC","mai accettabile","2018","2018",89.8,,
"IT","Italia","P18_74_ACCINT","persone di 18-74 anni per grado di accettabilità di alcuni comportamenti nella coppia (composizione %)","T","totale","CLF_ML","laurea o diploma universitario","SLGIROC","un ragazzo schiaffeggia la sua fidanzata perché ha civettato/flirtato con un altro uomo","NEVACC","mai accettabile","2018","2018",94.6,,
"IT","Italia","P18_74_ACCINT","persone di 18-74 anni per grado di accettabilità di alcuni comportamenti nella coppia (composizione %)","T","totale","USE_IF","diploma di istruzione secondaria di II grado o di qualifica professionale (corso di 3-4 anni) compresi IFTS","NSMOCC","in una relazione di coppia è normale che ci scappi uno schiaffo ogni tanto","NEVACC","mai accettabile","2018","2018",93.5,,
"IT","Italia","P18_74_ACCINT","persone di 18-74 anni per grado di accettabilità di alcuni comportamenti nella coppia (composizione %)","T","totale","NP","licenza di scuola elementare, nessun titolo di studio","NSMOCC","in una relazione di coppia è normale che ci scappi uno schiaffo ogni tanto","NEVACC","mai accettabile","2018","2018",85.7,,
"IT","Italia","P18_74_ACCINT","persone di 18-74 anni per grado di accettabilità di alcuni comportamenti nella coppia (composizione %)","T","totale","LSE","licenza di scuola media inferiore o di avviamento professionale","NSMOCC","in una relazione di coppia è normale che ci scappi uno schiaffo ogni tanto","NEVACC","mai accettabile","2018","2018",91.5,,
"IT","Italia","P18_74_ACCINT","persone di 18-74 anni per grado di accettabilità di alcuni comportamenti nella coppia (composizione %)","T","totale","CLF_ML","laurea o diploma universitario","NSMOCC","in una relazione di coppia è normale che ci scappi uno schiaffo ogni tanto","NEVACC","mai accettabile","2018","2018",94.8,,
"IT","Italia","P18_74_ACCINT","persone di 18-74 anni per grado di accettabilità di alcuni comportamenti nella coppia (composizione %)","T","totale","USE_IF","diploma di istruzione secondaria di II grado o di qualifica professionale (corso di 3-4 anni) compresi IFTS","HABCONTR","un uomo controlla abitualmente il cellulare,l’attività sui social network della moglie/compagna","NEVACC","mai accettabile","2018","2018",80,,
"IT","Italia","P18_74_ACCINT","persone di 18-74 anni per grado di accettabilità di alcuni comportamenti nella coppia (composizione %)","T","totale","NP","licenza di scuola elementare, nessun titolo di studio","HABCONTR","un uomo controlla abitualmente il cellulare,l’attività sui social network della moglie/compagna","NEVACC","mai accettabile","2018","2018",78.1,,
"IT","Italia","P18_74_ACCINT","persone di 18-74 anni per grado di accettabilità di alcuni comportamenti nella coppia (composizione %)","T","totale","LSE","licenza di scuola media inferiore o di avviamento professionale","HABCONTR","un uomo controlla abitualmente il cellulare,l’attività sui social network della moglie/compagna","NEVACC","mai accettabile","2018","2018",80.1,,
"IT","Italia","P18_74_ACCINT","persone di 18-74 anni per grado di accettabilità di alcuni comportamenti nella coppia (composizione %)","T","totale","CLF_ML","laurea o diploma universitario","HABCONTR","un uomo controlla abitualmente il cellulare,l’attività sui social network della moglie/compagna","NEVACC","mai accettabile","2018","2018",84.4,,
"IT","Italia","P18_74_ACCINT","persone di 18-74 anni per grado di accettabilità di alcuni comportamenti nella coppia (composizione %)","M","maschi","USE_IF","diploma di istruzione secondaria di II grado o di qualifica professionale (corso di 3-4 anni) compresi IFTS","SLGIROC","un ragazzo schiaffeggia la sua fidanzata perché ha civettato/flirtato con un altro uomo","NOANSW","non risponde","2018","2018",1.2,,
"IT","Italia","P18_74_ACCINT","persone di 18-74 anni per grado di accettabilità di alcuni comportamenti nella coppia (composizione %)","M","maschi","NP","licenza di scuola elementare, nessun titolo di studio","SLGIROC","un ragazzo schiaffeggia la sua fidanzata perché ha civettato/flirtato con un altro uomo","NOANSW","non risponde","2018","2018",7.4,,
"IT","Italia","P18_74_ACCINT","persone di 18-74 anni per grado di accettabilità di alcuni comportamenti nella coppia (composizione %)","M","maschi","LSE","licenza di scuola media inferiore o di avviamento professionale","SLGIROC","un ragazzo schiaffeggia la sua fidanzata perché ha civettato/flirtato con un altro uomo","NOANSW","non risponde","2018","2018",1.9,,
"IT","Italia","P18_74_ACCINT","persone di 18-74 anni per grado di accettabilità di alcuni comportamenti nella coppia (composizione %)","M","maschi","CLF_ML","laurea o diploma universitario","SLGIROC","un ragazzo schiaffeggia la sua fidanzata perché ha civettato/flirtato con un altro uomo","NOANSW","non risponde","2018","2018",0.5,,
"IT","Italia","P18_74_ACCINT","persone di 18-74 anni per grado di accettabilità di alcuni comportamenti nella coppia (composizione %)","M","maschi","USE_IF","diploma di istruzione secondaria di II grado o di qualifica professionale (corso di 3-4 anni) compresi IFTS","NSMOCC","in una relazione di coppia è normale che ci scappi uno schiaffo ogni tanto","NOANSW","non risponde","2018","2018",1.2,,
"IT","Italia","P18_74_ACCINT","persone di 18-74 anni per grado di accettabilità di alcuni comportamenti nella coppia (composizione %)","M","maschi","NP","licenza di scuola elementare, nessun titolo di studio","NSMOCC","in una relazione di coppia è normale che ci scappi uno schiaffo ogni tanto","NOANSW","non risponde","2018","2018",5.9,,
"IT","Italia","P18_74_ACCINT","persone di 18-74 anni per grado di accettabilità di alcuni comportamenti nella coppia (composizione %)","M","maschi","LSE","licenza di scuola media inferiore o di avviamento professionale","NSMOCC","in una relazione di coppia è normale che ci scappi uno schiaffo ogni tanto","NOANSW","non risponde","2018","2018",1.4,,
"IT","Italia","P18_74_ACCINT","persone di 18-74 anni per grado di accettabilità di alcuni comportamenti nella coppia (composizione %)","M","maschi","CLF_ML","laurea o diploma universitario","NSMOCC","in una relazione di coppia è normale che ci scappi uno schiaffo ogni tanto","NOANSW","non risponde","2018","2018",0.6,,
"IT","Italia","P18_74_ACCINT","persone di 18-74 anni per grado di accettabilità di alcuni comportamenti nella coppia (composizione %)","M","maschi","USE_IF","diploma di istruzione secondaria di II grado o di qualifica professionale (corso di 3-4 anni) compresi IFTS","HABCONTR","un uomo controlla abitualmente il cellulare,l’attività sui social network della moglie/compagna","NOANSW","non risponde","2018","2018",1.1,,
"IT","Italia","P18_74_ACCINT","persone di 18-74 anni per grado di accettabilità di alcuni comportamenti nella coppia (composizione %)","M","maschi","NP","licenza di scuola elementare, nessun titolo di studio","HABCONTR","un uomo controlla abitualmente il cellulare,l’attività sui social network della moglie/compagna","NOANSW","non risponde","2018","2018",7.4,,
"IT","Italia","P18_74_ACCINT","persone di 18-74 anni per grado di accettabilità di alcuni comportamenti nella coppia (composizione %)","M","maschi","LSE","licenza di scuola media inferiore o di avviamento professionale","HABCONTR","un uomo controlla abitualmente il cellulare,l’attività sui social network della moglie/compagna","NOANSW","non risponde","2018","2018",1.6,,
"IT","Italia","P18_74_ACCINT","persone di 18-74 anni per grado di accettabilità di alcuni comportamenti nella coppia (composizione %)","M","maschi","CLF_ML","laurea o diploma universitario","HABCONTR","un uomo controlla abitualmente il cellulare,l’attività sui social network della moglie/compagna","NOANSW","non risponde","2018","2018",0.5,,
"IT","Italia","P18_74_ACCINT","persone di 18-74 anni per grado di accettabilità di alcuni comportamenti nella coppia (composizione %)","F","femmine","USE_IF","diploma di istruzione secondaria di II grado o di qualifica professionale (corso di 3-4 anni) compresi IFTS","SLGIROC","un ragazzo schiaffeggia la sua fidanzata perché ha civettato/flirtato con un altro uomo","NOANSW","non risponde","2018","2018",0.7,,
"IT","Italia","P18_74_ACCINT","persone di 18-74 anni per grado di accettabilità di alcuni comportamenti nella coppia (composizione %)","F","femmine","NP","licenza di scuola elementare, nessun titolo di studio","SLGIROC","un ragazzo schiaffeggia la sua fidanzata perché ha civettato/flirtato con un altro uomo","NOANSW","non risponde","2018","2018",4.9,,
"IT","Italia","P18_74_ACCINT","persone di 18-74 anni per grado di accettabilità di alcuni comportamenti nella coppia (composizione %)","F","femmine","LSE","licenza di scuola media inferiore o di avviamento professionale","SLGIROC","un ragazzo schiaffeggia la sua fidanzata perché ha civettato/flirtato con un altro uomo","NOANSW","non risponde","2018","2018",1.8,,
"IT","Italia","P18_74_ACCINT","persone di 18-74 anni per grado di accettabilità di alcuni comportamenti nella coppia (composizione %)","F","femmine","CLF_ML","laurea o diploma universitario","SLGIROC","un ragazzo schiaffeggia la sua fidanzata perché ha civettato/flirtato con un altro uomo","NOANSW","non risponde","2018","2018",0.5,,
"IT","Italia","P18_74_ACCINT","persone di 18-74 anni per grado di accettabilità di alcuni comportamenti nella coppia (composizione %)","F","femmine","USE_IF","diploma di istruzione secondaria di II grado o di qualifica professionale (corso di 3-4 anni) compresi IFTS","NSMOCC","in una relazione di coppia è normale che ci scappi uno schiaffo ogni tanto","NOANSW","non risponde","2018","2018",0.7,,
"IT","Italia","P18_74_ACCINT","persone di 18-74 anni per grado di accettabilità di alcuni comportamenti nella coppia (composizione %)","F","femmine","NP","licenza di scuola elementare, nessun titolo di studio","NSMOCC","in una relazione di coppia è normale che ci scappi uno schiaffo ogni tanto","NOANSW","non risponde","2018","2018",4.6,,
"IT","Italia","P18_74_ACCINT","persone di 18-74 anni per grado di accettabilità di alcuni comportamenti nella coppia (composizione %)","F","femmine","LSE","licenza di scuola media inferiore o di avviamento professionale","NSMOCC","in una relazione di coppia è normale che ci scappi uno schiaffo ogni tanto","NOANSW","non risponde","2018","2018",1.5,,
"IT","Italia","P18_74_ACCINT","persone di 18-74 anni per grado di accettabilità di alcuni comportamenti nella coppia (composizione %)","F","femmine","CLF_ML","laurea o diploma universitario","NSMOCC","in una relazione di coppia è normale che ci scappi uno schiaffo ogni tanto","NOANSW","non risponde","2018","2018",0.5,,
"IT","Italia","P18_74_ACCINT","persone di 18-74 anni per grado di accettabilità di alcuni comportamenti nella coppia (composizione %)","F","femmine","USE_IF","diploma di istruzione secondaria di II grado o di qualifica professionale (corso di 3-4 anni) compresi IFTS","HABCONTR","un uomo controlla abitualmente il cellulare,l’attività sui social network della moglie/compagna","NOANSW","non risponde","2018","2018",0.8,,
"IT","Italia","P18_74_ACCINT","persone di 18-74 anni per grado di accettabilità di alcuni comportamenti nella coppia (composizione %)","F","femmine","NP","licenza di scuola elementare, nessun titolo di studio","HABCONTR","un uomo controlla abitualmente il cellulare,l’attività sui social network della moglie/compagna","NOANSW","non risponde","2018","2018",5.7,,
"IT","Italia","P18_74_ACCINT","persone di 18-74 anni per grado di accettabilità di alcuni comportamenti nella coppia (composizione %)","F","femmine","LSE","licenza di scuola media inferiore o di avviamento professionale","HABCONTR","un uomo controlla abitualmente il cellulare,l’attività sui social network della moglie/compagna","NOANSW","non risponde","2018","2018",1.9,,
"IT","Italia","P18_74_ACCINT","persone di 18-74 anni per grado di accettabilità di alcuni comportamenti nella coppia (composizione %)","F","femmine","CLF_ML","laurea o diploma universitario","HABCONTR","un uomo controlla abitualmente il cellulare,l’attività sui social network della moglie/compagna","NOANSW","non risponde","2018","2018",0.5,,
"IT","Italia","P18_74_ACCINT","persone di 18-74 anni per grado di accettabilità di alcuni comportamenti nella coppia (composizione %)","T","totale","USE_IF","diploma di istruzione secondaria di II grado o di qualifica professionale (corso di 3-4 anni) compresi IFTS","SLGIROC","un ragazzo schiaffeggia la sua fidanzata perché ha civettato/flirtato con un altro uomo","NOANSW","non risponde","2018","2018",1,,
"IT","Italia","P18_74_ACCINT","persone di 18-74 anni per grado di accettabilità di alcuni comportamenti nella coppia (composizione %)","T","totale","NP","licenza di scuola elementare, nessun titolo di studio","SLGIROC","un ragazzo schiaffeggia la sua fidanzata perché ha civettato/flirtato con un altro uomo","NOANSW","non risponde","2018","2018",5.8,,
"IT","Italia","P18_74_ACCINT","persone di 18-74 anni per grado di accettabilità di alcuni comportamenti nella coppia (composizione %)","T","totale","LSE","licenza di scuola media inferiore o di avviamento professionale","SLGIROC","un ragazzo schiaffeggia la sua fidanzata perché ha civettato/flirtato con un altro uomo","NOANSW","non risponde","2018","2018",1.9,,
"IT","Italia","P18_74_ACCINT","persone di 18-74 anni per grado di accettabilità di alcuni comportamenti nella coppia (composizione %)","T","totale","CLF_ML","laurea o diploma universitario","SLGIROC","un ragazzo schiaffeggia la sua fidanzata perché ha civettato/flirtato con un altro uomo","NOANSW","non risponde","2018","2018",0.5,,
"IT","Italia","P18_74_ACCINT","persone di 18-74 anni per grado di accettabilità di alcuni comportamenti nella coppia (composizione %)","T","totale","USE_IF","diploma di istruzione secondaria di II grado o di qualifica professionale (corso di 3-4 anni) compresi IFTS","NSMOCC","in una relazione di coppia è normale che ci scappi uno schiaffo ogni tanto","NOANSW","non risponde","2018","2018",1,,
"IT","Italia","P18_74_ACCINT","persone di 18-74 anni per grado di accettabilità di alcuni comportamenti nella coppia (composizione %)","T","totale","NP","licenza di scuola elementare, nessun titolo di studio","NSMOCC","in una relazione di coppia è normale che ci scappi uno schiaffo ogni tanto","NOANSW","non risponde","2018","2018",5,,
"IT","Italia","P18_74_ACCINT","persone di 18-74 anni per grado di accettabilità di alcuni comportamenti nella coppia (composizione %)","T","totale","LSE","licenza di scuola media inferiore o di avviamento professionale","NSMOCC","in una relazione di coppia è normale che ci scappi uno schiaffo ogni tanto","NOANSW","non risponde","2018","2018",1.5,,
"IT","Italia","P18_74_ACCINT","persone di 18-74 anni per grado di accettabilità di alcuni comportamenti nella coppia (composizione %)","T","totale","CLF_ML","laurea o diploma universitario","NSMOCC","in una relazione di coppia è normale che ci scappi uno schiaffo ogni tanto","NOANSW","non risponde","2018","2018",0.5,,
"IT","Italia","P18_74_ACCINT","persone di 18-74 anni per grado di accettabilità di alcuni comportamenti nella coppia (composizione %)","T","totale","USE_IF","diploma di istruzione secondaria di II grado o di qualifica professionale (corso di 3-4 anni) compresi IFTS","HABCONTR","un uomo controlla abitualmente il cellulare,l’attività sui social network della moglie/compagna","NOANSW","non risponde","2018","2018",1,,
"IT","Italia","P18_74_ACCINT","persone di 18-74 anni per grado di accettabilità di alcuni comportamenti nella coppia (composizione %)","T","totale","NP","licenza di scuola elementare, nessun titolo di studio","HABCONTR","un uomo controlla abitualmente il cellulare,l’attività sui social network della moglie/compagna","NOANSW","non risponde","2018","2018",6.3,,
"IT","Italia","P18_74_ACCINT","persone di 18-74 anni per grado di accettabilità di alcuni comportamenti nella coppia (composizione %)","T","totale","LSE","licenza di scuola media inferiore o di avviamento professionale","HABCONTR","un uomo controlla abitualmente il cellulare,l’attività sui social network della moglie/compagna","NOANSW","non risponde","2018","2018",1.7,,
"IT","Italia","P18_74_ACCINT","persone di 18-74 anni per grado di accettabilità di alcuni comportamenti nella coppia (composizione %)","T","totale","CLF_ML","laurea o diploma universitario","HABCONTR","un uomo controlla abitualmente il cellulare,l’attività sui social network della moglie/compagna","NOANSW","non risponde","2018","2018",0.5,,
"IT","Italia","P18_74_ACCINT","persone di 18-74 anni per grado di accettabilità di alcuni comportamenti nella coppia (composizione %)","M","maschi","USE_IF","diploma di istruzione secondaria di II grado o di qualifica professionale (corso di 3-4 anni) compresi IFTS","SLGIROC","un ragazzo schiaffeggia la sua fidanzata perché ha civettato/flirtato con un altro uomo","TOT","totale","2018","2018",100,,
"IT","Italia","P18_74_ACCINT","persone di 18-74 anni per grado di accettabilità di alcuni comportamenti nella coppia (composizione %)","M","maschi","NP","licenza di scuola elementare, nessun titolo di studio","SLGIROC","un ragazzo schiaffeggia la sua fidanzata perché ha civettato/flirtato con un altro uomo","TOT","totale","2018","2018",100,,
"IT","Italia","P18_74_ACCINT","persone di 18-74 anni per grado di accettabilità di alcuni comportamenti nella coppia (composizione %)","M","maschi","LSE","licenza di scuola media inferiore o di avviamento professionale","SLGIROC","un ragazzo schiaffeggia la sua fidanzata perché ha civettato/flirtato con un altro uomo","TOT","totale","2018","2018",100,,
"IT","Italia","P18_74_ACCINT","persone di 18-74 anni per grado di accettabilità di alcuni comportamenti nella coppia (composizione %)","M","maschi","CLF_ML","laurea o diploma universitario","SLGIROC","un ragazzo schiaffeggia la sua fidanzata perché ha civettato/flirtato con un altro uomo","TOT","totale","2018","2018",100,,
"IT","Italia","P18_74_ACCINT","persone di 18-74 anni per grado di accettabilità di alcuni comportamenti nella coppia (composizione %)","M","maschi","USE_IF","diploma di istruzione secondaria di II grado o di qualifica professionale (corso di 3-4 anni) compresi IFTS","NSMOCC","in una relazione di coppia è normale che ci scappi uno schiaffo ogni tanto","TOT","totale","2018","2018",100,,
"IT","Italia","P18_74_ACCINT","persone di 18-74 anni per grado di accettabilità di alcuni comportamenti nella coppia (composizione %)","M","maschi","NP","licenza di scuola elementare, nessun titolo di studio","NSMOCC","in una relazione di coppia è normale che ci scappi uno schiaffo ogni tanto","TOT","totale","2018","2018",100,,
"IT","Italia","P18_74_ACCINT","persone di 18-74 anni per grado di accettabilità di alcuni comportamenti nella coppia (composizione %)","M","maschi","LSE","licenza di scuola media inferiore o di avviamento professionale","NSMOCC","in una relazione di coppia è normale che ci scappi uno schiaffo ogni tanto","TOT","totale","2018","2018",100,,
"IT","Italia","P18_74_ACCINT","persone di 18-74 anni per grado di accettabilità di alcuni comportamenti nella coppia (composizione %)","M","maschi","CLF_ML","laurea o diploma universitario","NSMOCC","in una relazione di coppia è normale che ci scappi uno schiaffo ogni tanto","TOT","totale","2018","2018",100,,
"IT","Italia","P18_74_ACCINT","persone di 18-74 anni per grado di accettabilità di alcuni comportamenti nella coppia (composizione %)","M","maschi","USE_IF","diploma di istruzione secondaria di II grado o di qualifica professionale (corso di 3-4 anni) compresi IFTS","HABCONTR","un uomo controlla abitualmente il cellulare,l’attività sui social network della moglie/compagna","TOT","totale","2018","2018",100,,
"IT","Italia","P18_74_ACCINT","persone di 18-74 anni per grado di accettabilità di alcuni comportamenti nella coppia (composizione %)","M","maschi","NP","licenza di scuola elementare, nessun titolo di studio","HABCONTR","un uomo controlla abitualmente il cellulare,l’attività sui social network della moglie/compagna","TOT","totale","2018","2018",100,,
"IT","Italia","P18_74_ACCINT","persone di 18-74 anni per grado di accettabilità di alcuni comportamenti nella coppia (composizione %)","M","maschi","LSE","licenza di scuola media inferiore o di avviamento professionale","HABCONTR","un uomo controlla abitualmente il cellulare,l’attività sui social network della moglie/compagna","TOT","totale","2018","2018",100,,
"IT","Italia","P18_74_ACCINT","persone di 18-74 anni per grado di accettabilità di alcuni comportamenti nella coppia (composizione %)","M","maschi","CLF_ML","laurea o diploma universitario","HABCONTR","un uomo controlla abitualmente il cellulare,l’attività sui social network della moglie/compagna","TOT","totale","2018","2018",100,,
"IT","Italia","P18_74_ACCINT","persone di 18-74 anni per grado di accettabilità di alcuni comportamenti nella coppia (composizione %)","F","femmine","USE_IF","diploma di istruzione secondaria di II grado o di qualifica professionale (corso di 3-4 anni) compresi IFTS","SLGIROC","un ragazzo schiaffeggia la sua fidanzata perché ha civettato/flirtato con un altro uomo","TOT","totale","2018","2018",100,,
"IT","Italia","P18_74_ACCINT","persone di 18-74 anni per grado di accettabilità di alcuni comportamenti nella coppia (composizione %)","F","femmine","NP","licenza di scuola elementare, nessun titolo di studio","SLGIROC","un ragazzo schiaffeggia la sua fidanzata perché ha civettato/flirtato con un altro uomo","TOT","totale","2018","2018",100,,
"IT","Italia","P18_74_ACCINT","persone di 18-74 anni per grado di accettabilità di alcuni comportamenti nella coppia (composizione %)","F","femmine","LSE","licenza di scuola media inferiore o di avviamento professionale","SLGIROC","un ragazzo schiaffeggia la sua fidanzata perché ha civettato/flirtato con un altro uomo","TOT","totale","2018","2018",100,,
"IT","Italia","P18_74_ACCINT","persone di 18-74 anni per grado di accettabilità di alcuni comportamenti nella coppia (composizione %)","F","femmine","CLF_ML","laurea o diploma universitario","SLGIROC","un ragazzo schiaffeggia la sua fidanzata perché ha civettato/flirtato con un altro uomo","TOT","totale","2018","2018",100,,
"IT","Italia","P18_74_ACCINT","persone di 18-74 anni per grado di accettabilità di alcuni comportamenti nella coppia (composizione %)","F","femmine","USE_IF","diploma di istruzione secondaria di II grado o di qualifica professionale (corso di 3-4 anni) compresi IFTS","NSMOCC","in una relazione di coppia è normale che ci scappi uno schiaffo ogni tanto","TOT","totale","2018","2018",100,,
"IT","Italia","P18_74_ACCINT","persone di 18-74 anni per grado di accettabilità di alcuni comportamenti nella coppia (composizione %)","F","femmine","NP","licenza di scuola elementare, nessun titolo di studio","NSMOCC","in una relazione di coppia è normale che ci scappi uno schiaffo ogni tanto","TOT","totale","2018","2018",100,,
"IT","Italia","P18_74_ACCINT","persone di 18-74 anni per grado di accettabilità di alcuni comportamenti nella coppia (composizione %)","F","femmine","LSE","licenza di scuola media inferiore o di avviamento professionale","NSMOCC","in una relazione di coppia è normale che ci scappi uno schiaffo ogni tanto","TOT","totale","2018","2018",100,,
"IT","Italia","P18_74_ACCINT","persone di 18-74 anni per grado di accettabilità di alcuni comportamenti nella coppia (composizione %)","F","femmine","CLF_ML","laurea o diploma universitario","NSMOCC","in una relazione di coppia è normale che ci scappi uno schiaffo ogni tanto","TOT","totale","2018","2018",100,,
"IT","Italia","P18_74_ACCINT","persone di 18-74 anni per grado di accettabilità di alcuni comportamenti nella coppia (composizione %)","F","femmine","USE_IF","diploma di istruzione secondaria di II grado o di qualifica professionale (corso di 3-4 anni) compresi IFTS","HABCONTR","un uomo controlla abitualmente il cellulare,l’attività sui social network della moglie/compagna","TOT","totale","2018","2018",100,,
"IT","Italia","P18_74_ACCINT","persone di 18-74 anni per grado di accettabilità di alcuni comportamenti nella coppia (composizione %)","F","femmine","NP","licenza di scuola elementare, nessun titolo di studio","HABCONTR","un uomo controlla abitualmente il cellulare,l’attività sui social network della moglie/compagna","TOT","totale","2018","2018",100,,
"IT","Italia","P18_74_ACCINT","persone di 18-74 anni per grado di accettabilità di alcuni comportamenti nella coppia (composizione %)","F","femmine","LSE","licenza di scuola media inferiore o di avviamento professionale","HABCONTR","un uomo controlla abitualmente il cellulare,l’attività sui social network della moglie/compagna","TOT","totale","2018","2018",100,,
"IT","Italia","P18_74_ACCINT","persone di 18-74 anni per grado di accettabilità di alcuni comportamenti nella coppia (composizione %)","F","femmine","CLF_ML","laurea o diploma universitario","HABCONTR","un uomo controlla abitualmente il cellulare,l’attività sui social network della moglie/compagna","TOT","totale","2018","2018",100,,
"IT","Italia","P18_74_ACCINT","persone di 18-74 anni per grado di accettabilità di alcuni comportamenti nella coppia (composizione %)","T","totale","USE_IF","diploma di istruzione secondaria di II grado o di qualifica professionale (corso di 3-4 anni) compresi IFTS","SLGIROC","un ragazzo schiaffeggia la sua fidanzata perché ha civettato/flirtato con un altro uomo","TOT","totale","2018","2018",100,,
"IT","Italia","P18_74_ACCINT","persone di 18-74 anni per grado di accettabilità di alcuni comportamenti nella coppia (composizione %)","T","totale","NP","licenza di scuola elementare, nessun titolo di studio","SLGIROC","un ragazzo schiaffeggia la sua fidanzata perché ha civettato/flirtato con un altro uomo","TOT","totale","2018","2018",100,,
"IT","Italia","P18_74_ACCINT","persone di 18-74 anni per grado di accettabilità di alcuni comportamenti nella coppia (composizione %)","T","totale","LSE","licenza di scuola media inferiore o di avviamento professionale","SLGIROC","un ragazzo schiaffeggia la sua fidanzata perché ha civettato/flirtato con un altro uomo","TOT","totale","2018","2018",100,,
"IT","Italia","P18_74_ACCINT","persone di 18-74 anni per grado di accettabilità di alcuni comportamenti nella coppia (composizione %)","T","totale","CLF_ML","laurea o diploma universitario","SLGIROC","un ragazzo schiaffeggia la sua fidanzata perché ha civettato/flirtato con un altro uomo","TOT","totale","2018","2018",100,,
"IT","Italia","P18_74_ACCINT","persone di 18-74 anni per grado di accettabilità di alcuni comportamenti nella coppia (composizione %)","T","totale","USE_IF","diploma di istruzione secondaria di II grado o di qualifica professionale (corso di 3-4 anni) compresi IFTS","NSMOCC","in una relazione di coppia è normale che ci scappi uno schiaffo ogni tanto","TOT","totale","2018","2018",100,,
"IT","Italia","P18_74_ACCINT","persone di 18-74 anni per grado di accettabilità di alcuni comportamenti nella coppia (composizione %)","T","totale","NP","licenza di scuola elementare, nessun titolo di studio","NSMOCC","in una relazione di coppia è normale che ci scappi uno schiaffo ogni tanto","TOT","totale","2018","2018",100,,
"IT","Italia","P18_74_ACCINT","persone di 18-74 anni per grado di accettabilità di alcuni comportamenti nella coppia (composizione %)","T","totale","LSE","licenza di scuola media inferiore o di avviamento professionale","NSMOCC","in una relazione di coppia è normale che ci scappi uno schiaffo ogni tanto","TOT","totale","2018","2018",100,,
"IT","Italia","P18_74_ACCINT","persone di 18-74 anni per grado di accettabilità di alcuni comportamenti nella coppia (composizione %)","T","totale","CLF_ML","laurea o diploma universitario","NSMOCC","in una relazione di coppia è normale che ci scappi uno schiaffo ogni tanto","TOT","totale","2018","2018",100,,
"IT","Italia","P18_74_ACCINT","persone di 18-74 anni per grado di accettabilità di alcuni comportamenti nella coppia (composizione %)","T","totale","USE_IF","diploma di istruzione secondaria di II grado o di qualifica professionale (corso di 3-4 anni) compresi IFTS","HABCONTR","un uomo controlla abitualmente il cellulare,l’attività sui social network della moglie/compagna","TOT","totale","2018","2018",100,,
"IT","Italia","P18_74_ACCINT","persone di 18-74 anni per grado di accettabilità di alcuni comportamenti nella coppia (composizione %)","T","totale","NP","licenza di scuola elementare, nessun titolo di studio","HABCONTR","un uomo controlla abitualmente il cellulare,l’attività sui social network della moglie/compagna","TOT","totale","2018","2018",100,,
"IT","Italia","P18_74_ACCINT","persone di 18-74 anni per grado di accettabilità di alcuni comportamenti nella coppia (composizione %)","T","totale","LSE","licenza di scuola media inferiore o di avviamento professionale","HABCONTR","un uomo controlla abitualmente il cellulare,l’attività sui social network della moglie/compagna","TOT","totale","2018","2018",100,,
"IT","Italia","P18_74_ACCINT","persone di 18-74 anni per grado di accettabilità di alcuni comportamenti nella coppia (composizione %)","T","totale","CLF_ML","laurea o diploma universitario","HABCONTR","un uomo controlla abitualmente il cellulare,l’attività sui social network della moglie/compagna","TOT","totale","2018","2018",100,,
