"ITTER107","Territorio","TIPO_DATO_VIOLENZA","Tipo dato","SEXISTAT1","Sesso","STEREOTIPI","Stereotipi sui ruoli di genere, comportamenti nella coppia","TIME","Seleziona periodo","Value","Flag Codes","Flags"
"IT","Italia","P18_74_AGONE","persone di 18-74 anni che sono molto o abbastanza d'accordo con almeno uno stereotipo/comportamento (per 100 persone con le stesse caratteristiche)","M","maschi","TRGENROL","almeno uno stereotipo sui ruoli tradizionali di genere","2018","2018",58.8,,
"IT","Italia","P18_74_AGONE","persone di 18-74 anni che sono molto o abbastanza d'accordo con almeno uno stereotipo/comportamento (per 100 persone con le stesse caratteristiche)","M","maschi","STEVIOSEX","almeno uno stereotipo sulla violenza sessuale","2018","2018",57.5,,
"IT","Italia","P18_74_AGONE","persone di 18-74 anni che sono molto o abbastanza d'accordo con almeno uno stereotipo/comportamento (per 100 persone con le stesse caratteristiche)","M","maschi","ONEBEHP","almeno un comportamento nella coppia","2018","2018",27.3,,
"IT","Italia","P18_74_AGONE","persone di 18-74 anni che sono molto o abbastanza d'accordo con almeno uno stereotipo/comportamento (per 100 persone con le stesse caratteristiche)","F","femmine","TRGENROL","almeno uno stereotipo sui ruoli tradizionali di genere","2018","2018",58.8,,
"IT","Italia","P18_74_AGONE","persone di 18-74 anni che sono molto o abbastanza d'accordo con almeno uno stereotipo/comportamento (per 100 persone con le stesse caratteristiche)","F","femmine","STEVIOSEX","almeno uno stereotipo sulla violenza sessuale","2018","2018",51.7,,
"IT","Italia","P18_74_AGONE","persone di 18-74 anni che sono molto o abbastanza d'accordo con almeno uno stereotipo/comportamento (per 100 persone con le stesse caratteristiche)","F","femmine","ONEBEHP","almeno un comportamento nella coppia","2018","2018",23.5,,
"IT","Italia","P18_74_AGONE","persone di 18-74 anni che sono molto o abbastanza d'accordo con almeno uno stereotipo/comportamento (per 100 persone con le stesse caratteristiche)","T","totale","TRGENROL","almeno uno stereotipo sui ruoli tradizionali di genere","2018","2018",58.8,,
"IT","Italia","P18_74_AGONE","persone di 18-74 anni che sono molto o abbastanza d'accordo con almeno uno stereotipo/comportamento (per 100 persone con le stesse caratteristiche)","T","totale","STEVIOSEX","almeno uno stereotipo sulla violenza sessuale","2018","2018",54.6,,
"IT","Italia","P18_74_AGONE","persone di 18-74 anni che sono molto o abbastanza d'accordo con almeno uno stereotipo/comportamento (per 100 persone con le stesse caratteristiche)","T","totale","ONEBEHP","almeno un comportamento nella coppia","2018","2018",25.4,,
"ITC","Nord-ovest","P18_74_AGONE","persone di 18-74 anni che sono molto o abbastanza d'accordo con almeno uno stereotipo/comportamento (per 100 persone con le stesse caratteristiche)","M","maschi","TRGENROL","almeno uno stereotipo sui ruoli tradizionali di genere","2018","2018",54.1,,
"ITC","Nord-ovest","P18_74_AGONE","persone di 18-74 anni che sono molto o abbastanza d'accordo con almeno uno stereotipo/comportamento (per 100 persone con le stesse caratteristiche)","M","maschi","STEVIOSEX","almeno uno stereotipo sulla violenza sessuale","2018","2018",56,,
"ITC","Nord-ovest","P18_74_AGONE","persone di 18-74 anni che sono molto o abbastanza d'accordo con almeno uno stereotipo/comportamento (per 100 persone con le stesse caratteristiche)","M","maschi","ONEBEHP","almeno un comportamento nella coppia","2018","2018",23.6,,
"ITC","Nord-ovest","P18_74_AGONE","persone di 18-74 anni che sono molto o abbastanza d'accordo con almeno uno stereotipo/comportamento (per 100 persone con le stesse caratteristiche)","F","femmine","TRGENROL","almeno uno stereotipo sui ruoli tradizionali di genere","2018","2018",56.8,,
"ITC","Nord-ovest","P18_74_AGONE","persone di 18-74 anni che sono molto o abbastanza d'accordo con almeno uno stereotipo/comportamento (per 100 persone con le stesse caratteristiche)","F","femmine","STEVIOSEX","almeno uno stereotipo sulla violenza sessuale","2018","2018",49.4,,
"ITC","Nord-ovest","P18_74_AGONE","persone di 18-74 anni che sono molto o abbastanza d'accordo con almeno uno stereotipo/comportamento (per 100 persone con le stesse caratteristiche)","F","femmine","ONEBEHP","almeno un comportamento nella coppia","2018","2018",20.5,,
"ITC","Nord-ovest","P18_74_AGONE","persone di 18-74 anni che sono molto o abbastanza d'accordo con almeno uno stereotipo/comportamento (per 100 persone con le stesse caratteristiche)","T","totale","TRGENROL","almeno uno stereotipo sui ruoli tradizionali di genere","2018","2018",55.5,,
"ITC","Nord-ovest","P18_74_AGONE","persone di 18-74 anni che sono molto o abbastanza d'accordo con almeno uno stereotipo/comportamento (per 100 persone con le stesse caratteristiche)","T","totale","STEVIOSEX","almeno uno stereotipo sulla violenza sessuale","2018","2018",52.7,,
"ITC","Nord-ovest","P18_74_AGONE","persone di 18-74 anni che sono molto o abbastanza d'accordo con almeno uno stereotipo/comportamento (per 100 persone con le stesse caratteristiche)","T","totale","ONEBEHP","almeno un comportamento nella coppia","2018","2018",22,,
"ITC1","Piemonte","P18_74_AGONE","persone di 18-74 anni che sono molto o abbastanza d'accordo con almeno uno stereotipo/comportamento (per 100 persone con le stesse caratteristiche)","M","maschi","TRGENROL","almeno uno stereotipo sui ruoli tradizionali di genere","2018","2018",55.8,,
"ITC1","Piemonte","P18_74_AGONE","persone di 18-74 anni che sono molto o abbastanza d'accordo con almeno uno stereotipo/comportamento (per 100 persone con le stesse caratteristiche)","M","maschi","STEVIOSEX","almeno uno stereotipo sulla violenza sessuale","2018","2018",61.8,,
"ITC1","Piemonte","P18_74_AGONE","persone di 18-74 anni che sono molto o abbastanza d'accordo con almeno uno stereotipo/comportamento (per 100 persone con le stesse caratteristiche)","M","maschi","ONEBEHP","almeno un comportamento nella coppia","2018","2018",21.4,,
"ITC1","Piemonte","P18_74_AGONE","persone di 18-74 anni che sono molto o abbastanza d'accordo con almeno uno stereotipo/comportamento (per 100 persone con le stesse caratteristiche)","F","femmine","TRGENROL","almeno uno stereotipo sui ruoli tradizionali di genere","2018","2018",56.7,,
"ITC1","Piemonte","P18_74_AGONE","persone di 18-74 anni che sono molto o abbastanza d'accordo con almeno uno stereotipo/comportamento (per 100 persone con le stesse caratteristiche)","F","femmine","STEVIOSEX","almeno uno stereotipo sulla violenza sessuale","2018","2018",52.2,,
"ITC1","Piemonte","P18_74_AGONE","persone di 18-74 anni che sono molto o abbastanza d'accordo con almeno uno stereotipo/comportamento (per 100 persone con le stesse caratteristiche)","F","femmine","ONEBEHP","almeno un comportamento nella coppia","2018","2018",17.9,,
"ITC1","Piemonte","P18_74_AGONE","persone di 18-74 anni che sono molto o abbastanza d'accordo con almeno uno stereotipo/comportamento (per 100 persone con le stesse caratteristiche)","T","totale","TRGENROL","almeno uno stereotipo sui ruoli tradizionali di genere","2018","2018",56.2,,
"ITC1","Piemonte","P18_74_AGONE","persone di 18-74 anni che sono molto o abbastanza d'accordo con almeno uno stereotipo/comportamento (per 100 persone con le stesse caratteristiche)","T","totale","STEVIOSEX","almeno uno stereotipo sulla violenza sessuale","2018","2018",56.9,,
"ITC1","Piemonte","P18_74_AGONE","persone di 18-74 anni che sono molto o abbastanza d'accordo con almeno uno stereotipo/comportamento (per 100 persone con le stesse caratteristiche)","T","totale","ONEBEHP","almeno un comportamento nella coppia","2018","2018",19.6,,
"ITC2","Valle d'Aosta / Vallée d'Aoste","P18_74_AGONE","persone di 18-74 anni che sono molto o abbastanza d'accordo con almeno uno stereotipo/comportamento (per 100 persone con le stesse caratteristiche)","M","maschi","TRGENROL","almeno uno stereotipo sui ruoli tradizionali di genere","2018","2018",54.3,,
"ITC2","Valle d'Aosta / Vallée d'Aoste","P18_74_AGONE","persone di 18-74 anni che sono molto o abbastanza d'accordo con almeno uno stereotipo/comportamento (per 100 persone con le stesse caratteristiche)","M","maschi","STEVIOSEX","almeno uno stereotipo sulla violenza sessuale","2018","2018",55,,
"ITC2","Valle d'Aosta / Vallée d'Aoste","P18_74_AGONE","persone di 18-74 anni che sono molto o abbastanza d'accordo con almeno uno stereotipo/comportamento (per 100 persone con le stesse caratteristiche)","M","maschi","ONEBEHP","almeno un comportamento nella coppia","2018","2018",14.8,,
"ITC2","Valle d'Aosta / Vallée d'Aoste","P18_74_AGONE","persone di 18-74 anni che sono molto o abbastanza d'accordo con almeno uno stereotipo/comportamento (per 100 persone con le stesse caratteristiche)","F","femmine","TRGENROL","almeno uno stereotipo sui ruoli tradizionali di genere","2018","2018",51.2,,
"ITC2","Valle d'Aosta / Vallée d'Aoste","P18_74_AGONE","persone di 18-74 anni che sono molto o abbastanza d'accordo con almeno uno stereotipo/comportamento (per 100 persone con le stesse caratteristiche)","F","femmine","STEVIOSEX","almeno uno stereotipo sulla violenza sessuale","2018","2018",49.8,,
"ITC2","Valle d'Aosta / Vallée d'Aoste","P18_74_AGONE","persone di 18-74 anni che sono molto o abbastanza d'accordo con almeno uno stereotipo/comportamento (per 100 persone con le stesse caratteristiche)","F","femmine","ONEBEHP","almeno un comportamento nella coppia","2018","2018",19.9,,
"ITC2","Valle d'Aosta / Vallée d'Aoste","P18_74_AGONE","persone di 18-74 anni che sono molto o abbastanza d'accordo con almeno uno stereotipo/comportamento (per 100 persone con le stesse caratteristiche)","T","totale","TRGENROL","almeno uno stereotipo sui ruoli tradizionali di genere","2018","2018",52.7,,
"ITC2","Valle d'Aosta / Vallée d'Aoste","P18_74_AGONE","persone di 18-74 anni che sono molto o abbastanza d'accordo con almeno uno stereotipo/comportamento (per 100 persone con le stesse caratteristiche)","T","totale","STEVIOSEX","almeno uno stereotipo sulla violenza sessuale","2018","2018",52.4,,
"ITC2","Valle d'Aosta / Vallée d'Aoste","P18_74_AGONE","persone di 18-74 anni che sono molto o abbastanza d'accordo con almeno uno stereotipo/comportamento (per 100 persone con le stesse caratteristiche)","T","totale","ONEBEHP","almeno un comportamento nella coppia","2018","2018",17.4,,
"ITC3","Liguria","P18_74_AGONE","persone di 18-74 anni che sono molto o abbastanza d'accordo con almeno uno stereotipo/comportamento (per 100 persone con le stesse caratteristiche)","M","maschi","TRGENROL","almeno uno stereotipo sui ruoli tradizionali di genere","2018","2018",59.6,,
"ITC3","Liguria","P18_74_AGONE","persone di 18-74 anni che sono molto o abbastanza d'accordo con almeno uno stereotipo/comportamento (per 100 persone con le stesse caratteristiche)","M","maschi","STEVIOSEX","almeno uno stereotipo sulla violenza sessuale","2018","2018",42.1,,
"ITC3","Liguria","P18_74_AGONE","persone di 18-74 anni che sono molto o abbastanza d'accordo con almeno uno stereotipo/comportamento (per 100 persone con le stesse caratteristiche)","M","maschi","ONEBEHP","almeno un comportamento nella coppia","2018","2018",26.4,,
"ITC3","Liguria","P18_74_AGONE","persone di 18-74 anni che sono molto o abbastanza d'accordo con almeno uno stereotipo/comportamento (per 100 persone con le stesse caratteristiche)","F","femmine","TRGENROL","almeno uno stereotipo sui ruoli tradizionali di genere","2018","2018",53.8,,
"ITC3","Liguria","P18_74_AGONE","persone di 18-74 anni che sono molto o abbastanza d'accordo con almeno uno stereotipo/comportamento (per 100 persone con le stesse caratteristiche)","F","femmine","STEVIOSEX","almeno uno stereotipo sulla violenza sessuale","2018","2018",38.7,,
"ITC3","Liguria","P18_74_AGONE","persone di 18-74 anni che sono molto o abbastanza d'accordo con almeno uno stereotipo/comportamento (per 100 persone con le stesse caratteristiche)","F","femmine","ONEBEHP","almeno un comportamento nella coppia","2018","2018",15,,
"ITC3","Liguria","P18_74_AGONE","persone di 18-74 anni che sono molto o abbastanza d'accordo con almeno uno stereotipo/comportamento (per 100 persone con le stesse caratteristiche)","T","totale","TRGENROL","almeno uno stereotipo sui ruoli tradizionali di genere","2018","2018",56.6,,
"ITC3","Liguria","P18_74_AGONE","persone di 18-74 anni che sono molto o abbastanza d'accordo con almeno uno stereotipo/comportamento (per 100 persone con le stesse caratteristiche)","T","totale","STEVIOSEX","almeno uno stereotipo sulla violenza sessuale","2018","2018",40.4,,
"ITC3","Liguria","P18_74_AGONE","persone di 18-74 anni che sono molto o abbastanza d'accordo con almeno uno stereotipo/comportamento (per 100 persone con le stesse caratteristiche)","T","totale","ONEBEHP","almeno un comportamento nella coppia","2018","2018",20.6,,
"ITC4","Lombardia","P18_74_AGONE","persone di 18-74 anni che sono molto o abbastanza d'accordo con almeno uno stereotipo/comportamento (per 100 persone con le stesse caratteristiche)","M","maschi","TRGENROL","almeno uno stereotipo sui ruoli tradizionali di genere","2018","2018",52.6,,
"ITC4","Lombardia","P18_74_AGONE","persone di 18-74 anni che sono molto o abbastanza d'accordo con almeno uno stereotipo/comportamento (per 100 persone con le stesse caratteristiche)","M","maschi","STEVIOSEX","almeno uno stereotipo sulla violenza sessuale","2018","2018",55.6,,
"ITC4","Lombardia","P18_74_AGONE","persone di 18-74 anni che sono molto o abbastanza d'accordo con almeno uno stereotipo/comportamento (per 100 persone con le stesse caratteristiche)","M","maschi","ONEBEHP","almeno un comportamento nella coppia","2018","2018",24.3,,
"ITC4","Lombardia","P18_74_AGONE","persone di 18-74 anni che sono molto o abbastanza d'accordo con almeno uno stereotipo/comportamento (per 100 persone con le stesse caratteristiche)","F","femmine","TRGENROL","almeno uno stereotipo sui ruoli tradizionali di genere","2018","2018",57.4,,
"ITC4","Lombardia","P18_74_AGONE","persone di 18-74 anni che sono molto o abbastanza d'accordo con almeno uno stereotipo/comportamento (per 100 persone con le stesse caratteristiche)","F","femmine","STEVIOSEX","almeno uno stereotipo sulla violenza sessuale","2018","2018",49.8,,
"ITC4","Lombardia","P18_74_AGONE","persone di 18-74 anni che sono molto o abbastanza d'accordo con almeno uno stereotipo/comportamento (per 100 persone con le stesse caratteristiche)","F","femmine","ONEBEHP","almeno un comportamento nella coppia","2018","2018",22.5,,
"ITC4","Lombardia","P18_74_AGONE","persone di 18-74 anni che sono molto o abbastanza d'accordo con almeno uno stereotipo/comportamento (per 100 persone con le stesse caratteristiche)","T","totale","TRGENROL","almeno uno stereotipo sui ruoli tradizionali di genere","2018","2018",55,,
"ITC4","Lombardia","P18_74_AGONE","persone di 18-74 anni che sono molto o abbastanza d'accordo con almeno uno stereotipo/comportamento (per 100 persone con le stesse caratteristiche)","T","totale","STEVIOSEX","almeno uno stereotipo sulla violenza sessuale","2018","2018",52.7,,
"ITC4","Lombardia","P18_74_AGONE","persone di 18-74 anni che sono molto o abbastanza d'accordo con almeno uno stereotipo/comportamento (per 100 persone con le stesse caratteristiche)","T","totale","ONEBEHP","almeno un comportamento nella coppia","2018","2018",23.4,,
"ITD","Nord-est","P18_74_AGONE","persone di 18-74 anni che sono molto o abbastanza d'accordo con almeno uno stereotipo/comportamento (per 100 persone con le stesse caratteristiche)","M","maschi","TRGENROL","almeno uno stereotipo sui ruoli tradizionali di genere","2018","2018",53.2,,
"ITD","Nord-est","P18_74_AGONE","persone di 18-74 anni che sono molto o abbastanza d'accordo con almeno uno stereotipo/comportamento (per 100 persone con le stesse caratteristiche)","M","maschi","STEVIOSEX","almeno uno stereotipo sulla violenza sessuale","2018","2018",57.9,,
"ITD","Nord-est","P18_74_AGONE","persone di 18-74 anni che sono molto o abbastanza d'accordo con almeno uno stereotipo/comportamento (per 100 persone con le stesse caratteristiche)","M","maschi","ONEBEHP","almeno un comportamento nella coppia","2018","2018",21.3,,
"ITD","Nord-est","P18_74_AGONE","persone di 18-74 anni che sono molto o abbastanza d'accordo con almeno uno stereotipo/comportamento (per 100 persone con le stesse caratteristiche)","F","femmine","TRGENROL","almeno uno stereotipo sui ruoli tradizionali di genere","2018","2018",52.1,,
"ITD","Nord-est","P18_74_AGONE","persone di 18-74 anni che sono molto o abbastanza d'accordo con almeno uno stereotipo/comportamento (per 100 persone con le stesse caratteristiche)","F","femmine","STEVIOSEX","almeno uno stereotipo sulla violenza sessuale","2018","2018",52,,
"ITD","Nord-est","P18_74_AGONE","persone di 18-74 anni che sono molto o abbastanza d'accordo con almeno uno stereotipo/comportamento (per 100 persone con le stesse caratteristiche)","F","femmine","ONEBEHP","almeno un comportamento nella coppia","2018","2018",25.2,,
"ITD","Nord-est","P18_74_AGONE","persone di 18-74 anni che sono molto o abbastanza d'accordo con almeno uno stereotipo/comportamento (per 100 persone con le stesse caratteristiche)","T","totale","TRGENROL","almeno uno stereotipo sui ruoli tradizionali di genere","2018","2018",52.6,,
"ITD","Nord-est","P18_74_AGONE","persone di 18-74 anni che sono molto o abbastanza d'accordo con almeno uno stereotipo/comportamento (per 100 persone con le stesse caratteristiche)","T","totale","STEVIOSEX","almeno uno stereotipo sulla violenza sessuale","2018","2018",55,,
"ITD","Nord-est","P18_74_AGONE","persone di 18-74 anni che sono molto o abbastanza d'accordo con almeno uno stereotipo/comportamento (per 100 persone con le stesse caratteristiche)","T","totale","ONEBEHP","almeno un comportamento nella coppia","2018","2018",23.2,,
"ITDA","Trentino Alto Adige / Südtirol","P18_74_AGONE","persone di 18-74 anni che sono molto o abbastanza d'accordo con almeno uno stereotipo/comportamento (per 100 persone con le stesse caratteristiche)","M","maschi","TRGENROL","almeno uno stereotipo sui ruoli tradizionali di genere","2018","2018",51.7,,
"ITDA","Trentino Alto Adige / Südtirol","P18_74_AGONE","persone di 18-74 anni che sono molto o abbastanza d'accordo con almeno uno stereotipo/comportamento (per 100 persone con le stesse caratteristiche)","M","maschi","STEVIOSEX","almeno uno stereotipo sulla violenza sessuale","2018","2018",58.9,,
"ITDA","Trentino Alto Adige / Südtirol","P18_74_AGONE","persone di 18-74 anni che sono molto o abbastanza d'accordo con almeno uno stereotipo/comportamento (per 100 persone con le stesse caratteristiche)","M","maschi","ONEBEHP","almeno un comportamento nella coppia","2018","2018",18.2,,
"ITDA","Trentino Alto Adige / Südtirol","P18_74_AGONE","persone di 18-74 anni che sono molto o abbastanza d'accordo con almeno uno stereotipo/comportamento (per 100 persone con le stesse caratteristiche)","F","femmine","TRGENROL","almeno uno stereotipo sui ruoli tradizionali di genere","2018","2018",55.5,,
"ITDA","Trentino Alto Adige / Südtirol","P18_74_AGONE","persone di 18-74 anni che sono molto o abbastanza d'accordo con almeno uno stereotipo/comportamento (per 100 persone con le stesse caratteristiche)","F","femmine","STEVIOSEX","almeno uno stereotipo sulla violenza sessuale","2018","2018",53.7,,
"ITDA","Trentino Alto Adige / Südtirol","P18_74_AGONE","persone di 18-74 anni che sono molto o abbastanza d'accordo con almeno uno stereotipo/comportamento (per 100 persone con le stesse caratteristiche)","F","femmine","ONEBEHP","almeno un comportamento nella coppia","2018","2018",21.8,,
"ITDA","Trentino Alto Adige / Südtirol","P18_74_AGONE","persone di 18-74 anni che sono molto o abbastanza d'accordo con almeno uno stereotipo/comportamento (per 100 persone con le stesse caratteristiche)","T","totale","TRGENROL","almeno uno stereotipo sui ruoli tradizionali di genere","2018","2018",53.6,,
"ITDA","Trentino Alto Adige / Südtirol","P18_74_AGONE","persone di 18-74 anni che sono molto o abbastanza d'accordo con almeno uno stereotipo/comportamento (per 100 persone con le stesse caratteristiche)","T","totale","STEVIOSEX","almeno uno stereotipo sulla violenza sessuale","2018","2018",56.3,,
"ITDA","Trentino Alto Adige / Südtirol","P18_74_AGONE","persone di 18-74 anni che sono molto o abbastanza d'accordo con almeno uno stereotipo/comportamento (per 100 persone con le stesse caratteristiche)","T","totale","ONEBEHP","almeno un comportamento nella coppia","2018","2018",20,,
"ITD1","Provincia Autonoma Bolzano / Bozen","P18_74_AGONE","persone di 18-74 anni che sono molto o abbastanza d'accordo con almeno uno stereotipo/comportamento (per 100 persone con le stesse caratteristiche)","M","maschi","TRGENROL","almeno uno stereotipo sui ruoli tradizionali di genere","2018","2018",52.7,,
"ITD1","Provincia Autonoma Bolzano / Bozen","P18_74_AGONE","persone di 18-74 anni che sono molto o abbastanza d'accordo con almeno uno stereotipo/comportamento (per 100 persone con le stesse caratteristiche)","M","maschi","STEVIOSEX","almeno uno stereotipo sulla violenza sessuale","2018","2018",58.9,,
"ITD1","Provincia Autonoma Bolzano / Bozen","P18_74_AGONE","persone di 18-74 anni che sono molto o abbastanza d'accordo con almeno uno stereotipo/comportamento (per 100 persone con le stesse caratteristiche)","M","maschi","ONEBEHP","almeno un comportamento nella coppia","2018","2018",19.6,,
"ITD1","Provincia Autonoma Bolzano / Bozen","P18_74_AGONE","persone di 18-74 anni che sono molto o abbastanza d'accordo con almeno uno stereotipo/comportamento (per 100 persone con le stesse caratteristiche)","F","femmine","TRGENROL","almeno uno stereotipo sui ruoli tradizionali di genere","2018","2018",61.1,,
"ITD1","Provincia Autonoma Bolzano / Bozen","P18_74_AGONE","persone di 18-74 anni che sono molto o abbastanza d'accordo con almeno uno stereotipo/comportamento (per 100 persone con le stesse caratteristiche)","F","femmine","STEVIOSEX","almeno uno stereotipo sulla violenza sessuale","2018","2018",59.3,,
"ITD1","Provincia Autonoma Bolzano / Bozen","P18_74_AGONE","persone di 18-74 anni che sono molto o abbastanza d'accordo con almeno uno stereotipo/comportamento (per 100 persone con le stesse caratteristiche)","F","femmine","ONEBEHP","almeno un comportamento nella coppia","2018","2018",22.2,,
"ITD1","Provincia Autonoma Bolzano / Bozen","P18_74_AGONE","persone di 18-74 anni che sono molto o abbastanza d'accordo con almeno uno stereotipo/comportamento (per 100 persone con le stesse caratteristiche)","T","totale","TRGENROL","almeno uno stereotipo sui ruoli tradizionali di genere","2018","2018",56.5,,
"ITD1","Provincia Autonoma Bolzano / Bozen","P18_74_AGONE","persone di 18-74 anni che sono molto o abbastanza d'accordo con almeno uno stereotipo/comportamento (per 100 persone con le stesse caratteristiche)","T","totale","STEVIOSEX","almeno uno stereotipo sulla violenza sessuale","2018","2018",59.1,,
"ITD1","Provincia Autonoma Bolzano / Bozen","P18_74_AGONE","persone di 18-74 anni che sono molto o abbastanza d'accordo con almeno uno stereotipo/comportamento (per 100 persone con le stesse caratteristiche)","T","totale","ONEBEHP","almeno un comportamento nella coppia","2018","2018",20.8,,
"ITD2","Provincia Autonoma Trento","P18_74_AGONE","persone di 18-74 anni che sono molto o abbastanza d'accordo con almeno uno stereotipo/comportamento (per 100 persone con le stesse caratteristiche)","M","maschi","TRGENROL","almeno uno stereotipo sui ruoli tradizionali di genere","2018","2018",50.8,,
"ITD2","Provincia Autonoma Trento","P18_74_AGONE","persone di 18-74 anni che sono molto o abbastanza d'accordo con almeno uno stereotipo/comportamento (per 100 persone con le stesse caratteristiche)","M","maschi","STEVIOSEX","almeno uno stereotipo sulla violenza sessuale","2018","2018",58.9,,
"ITD2","Provincia Autonoma Trento","P18_74_AGONE","persone di 18-74 anni che sono molto o abbastanza d'accordo con almeno uno stereotipo/comportamento (per 100 persone con le stesse caratteristiche)","M","maschi","ONEBEHP","almeno un comportamento nella coppia","2018","2018",17,,
"ITD2","Provincia Autonoma Trento","P18_74_AGONE","persone di 18-74 anni che sono molto o abbastanza d'accordo con almeno uno stereotipo/comportamento (per 100 persone con le stesse caratteristiche)","F","femmine","TRGENROL","almeno uno stereotipo sui ruoli tradizionali di genere","2018","2018",52.2,,
"ITD2","Provincia Autonoma Trento","P18_74_AGONE","persone di 18-74 anni che sono molto o abbastanza d'accordo con almeno uno stereotipo/comportamento (per 100 persone con le stesse caratteristiche)","F","femmine","STEVIOSEX","almeno uno stereotipo sulla violenza sessuale","2018","2018",50.3,,
"ITD2","Provincia Autonoma Trento","P18_74_AGONE","persone di 18-74 anni che sono molto o abbastanza d'accordo con almeno uno stereotipo/comportamento (per 100 persone con le stesse caratteristiche)","F","femmine","ONEBEHP","almeno un comportamento nella coppia","2018","2018",21.6,,
"ITD2","Provincia Autonoma Trento","P18_74_AGONE","persone di 18-74 anni che sono molto o abbastanza d'accordo con almeno uno stereotipo/comportamento (per 100 persone con le stesse caratteristiche)","T","totale","TRGENROL","almeno uno stereotipo sui ruoli tradizionali di genere","2018","2018",51.5,,
"ITD2","Provincia Autonoma Trento","P18_74_AGONE","persone di 18-74 anni che sono molto o abbastanza d'accordo con almeno uno stereotipo/comportamento (per 100 persone con le stesse caratteristiche)","T","totale","STEVIOSEX","almeno uno stereotipo sulla violenza sessuale","2018","2018",54.3,,
"ITD2","Provincia Autonoma Trento","P18_74_AGONE","persone di 18-74 anni che sono molto o abbastanza d'accordo con almeno uno stereotipo/comportamento (per 100 persone con le stesse caratteristiche)","T","totale","ONEBEHP","almeno un comportamento nella coppia","2018","2018",19.5,,
"ITD3","Veneto","P18_74_AGONE","persone di 18-74 anni che sono molto o abbastanza d'accordo con almeno uno stereotipo/comportamento (per 100 persone con le stesse caratteristiche)","M","maschi","TRGENROL","almeno uno stereotipo sui ruoli tradizionali di genere","2018","2018",54.8,,
"ITD3","Veneto","P18_74_AGONE","persone di 18-74 anni che sono molto o abbastanza d'accordo con almeno uno stereotipo/comportamento (per 100 persone con le stesse caratteristiche)","M","maschi","STEVIOSEX","almeno uno stereotipo sulla violenza sessuale","2018","2018",60.2,,
"ITD3","Veneto","P18_74_AGONE","persone di 18-74 anni che sono molto o abbastanza d'accordo con almeno uno stereotipo/comportamento (per 100 persone con le stesse caratteristiche)","M","maschi","ONEBEHP","almeno un comportamento nella coppia","2018","2018",21.7,,
"ITD3","Veneto","P18_74_AGONE","persone di 18-74 anni che sono molto o abbastanza d'accordo con almeno uno stereotipo/comportamento (per 100 persone con le stesse caratteristiche)","F","femmine","TRGENROL","almeno uno stereotipo sui ruoli tradizionali di genere","2018","2018",49.2,,
"ITD3","Veneto","P18_74_AGONE","persone di 18-74 anni che sono molto o abbastanza d'accordo con almeno uno stereotipo/comportamento (per 100 persone con le stesse caratteristiche)","F","femmine","STEVIOSEX","almeno uno stereotipo sulla violenza sessuale","2018","2018",56.4,,
"ITD3","Veneto","P18_74_AGONE","persone di 18-74 anni che sono molto o abbastanza d'accordo con almeno uno stereotipo/comportamento (per 100 persone con le stesse caratteristiche)","F","femmine","ONEBEHP","almeno un comportamento nella coppia","2018","2018",27.6,,
"ITD3","Veneto","P18_74_AGONE","persone di 18-74 anni che sono molto o abbastanza d'accordo con almeno uno stereotipo/comportamento (per 100 persone con le stesse caratteristiche)","T","totale","TRGENROL","almeno uno stereotipo sui ruoli tradizionali di genere","2018","2018",52,,
"ITD3","Veneto","P18_74_AGONE","persone di 18-74 anni che sono molto o abbastanza d'accordo con almeno uno stereotipo/comportamento (per 100 persone con le stesse caratteristiche)","T","totale","STEVIOSEX","almeno uno stereotipo sulla violenza sessuale","2018","2018",58.3,,
"ITD3","Veneto","P18_74_AGONE","persone di 18-74 anni che sono molto o abbastanza d'accordo con almeno uno stereotipo/comportamento (per 100 persone con le stesse caratteristiche)","T","totale","ONEBEHP","almeno un comportamento nella coppia","2018","2018",24.7,,
"ITD4","Friuli-Venezia Giulia","P18_74_AGONE","persone di 18-74 anni che sono molto o abbastanza d'accordo con almeno uno stereotipo/comportamento (per 100 persone con le stesse caratteristiche)","M","maschi","TRGENROL","almeno uno stereotipo sui ruoli tradizionali di genere","2018","2018",48,,
"ITD4","Friuli-Venezia Giulia","P18_74_AGONE","persone di 18-74 anni che sono molto o abbastanza d'accordo con almeno uno stereotipo/comportamento (per 100 persone con le stesse caratteristiche)","M","maschi","STEVIOSEX","almeno uno stereotipo sulla violenza sessuale","2018","2018",64.8,,
"ITD4","Friuli-Venezia Giulia","P18_74_AGONE","persone di 18-74 anni che sono molto o abbastanza d'accordo con almeno uno stereotipo/comportamento (per 100 persone con le stesse caratteristiche)","M","maschi","ONEBEHP","almeno un comportamento nella coppia","2018","2018",22.7,,
"ITD4","Friuli-Venezia Giulia","P18_74_AGONE","persone di 18-74 anni che sono molto o abbastanza d'accordo con almeno uno stereotipo/comportamento (per 100 persone con le stesse caratteristiche)","F","femmine","TRGENROL","almeno uno stereotipo sui ruoli tradizionali di genere","2018","2018",50.4,,
"ITD4","Friuli-Venezia Giulia","P18_74_AGONE","persone di 18-74 anni che sono molto o abbastanza d'accordo con almeno uno stereotipo/comportamento (per 100 persone con le stesse caratteristiche)","F","femmine","STEVIOSEX","almeno uno stereotipo sulla violenza sessuale","2018","2018",52,,
"ITD4","Friuli-Venezia Giulia","P18_74_AGONE","persone di 18-74 anni che sono molto o abbastanza d'accordo con almeno uno stereotipo/comportamento (per 100 persone con le stesse caratteristiche)","F","femmine","ONEBEHP","almeno un comportamento nella coppia","2018","2018",25.3,,
"ITD4","Friuli-Venezia Giulia","P18_74_AGONE","persone di 18-74 anni che sono molto o abbastanza d'accordo con almeno uno stereotipo/comportamento (per 100 persone con le stesse caratteristiche)","T","totale","TRGENROL","almeno uno stereotipo sui ruoli tradizionali di genere","2018","2018",49.2,,
"ITD4","Friuli-Venezia Giulia","P18_74_AGONE","persone di 18-74 anni che sono molto o abbastanza d'accordo con almeno uno stereotipo/comportamento (per 100 persone con le stesse caratteristiche)","T","totale","STEVIOSEX","almeno uno stereotipo sulla violenza sessuale","2018","2018",58.4,,
"ITD4","Friuli-Venezia Giulia","P18_74_AGONE","persone di 18-74 anni che sono molto o abbastanza d'accordo con almeno uno stereotipo/comportamento (per 100 persone con le stesse caratteristiche)","T","totale","ONEBEHP","almeno un comportamento nella coppia","2018","2018",24,,
"ITD5","Emilia-Romagna","P18_74_AGONE","persone di 18-74 anni che sono molto o abbastanza d'accordo con almeno uno stereotipo/comportamento (per 100 persone con le stesse caratteristiche)","M","maschi","TRGENROL","almeno uno stereotipo sui ruoli tradizionali di genere","2018","2018",53.2,,
"ITD5","Emilia-Romagna","P18_74_AGONE","persone di 18-74 anni che sono molto o abbastanza d'accordo con almeno uno stereotipo/comportamento (per 100 persone con le stesse caratteristiche)","M","maschi","STEVIOSEX","almeno uno stereotipo sulla violenza sessuale","2018","2018",53.3,,
"ITD5","Emilia-Romagna","P18_74_AGONE","persone di 18-74 anni che sono molto o abbastanza d'accordo con almeno uno stereotipo/comportamento (per 100 persone con le stesse caratteristiche)","M","maschi","ONEBEHP","almeno un comportamento nella coppia","2018","2018",21.1,,
"ITD5","Emilia-Romagna","P18_74_AGONE","persone di 18-74 anni che sono molto o abbastanza d'accordo con almeno uno stereotipo/comportamento (per 100 persone con le stesse caratteristiche)","F","femmine","TRGENROL","almeno uno stereotipo sui ruoli tradizionali di genere","2018","2018",54.9,,
"ITD5","Emilia-Romagna","P18_74_AGONE","persone di 18-74 anni che sono molto o abbastanza d'accordo con almeno uno stereotipo/comportamento (per 100 persone con le stesse caratteristiche)","F","femmine","STEVIOSEX","almeno uno stereotipo sulla violenza sessuale","2018","2018",46.8,,
"ITD5","Emilia-Romagna","P18_74_AGONE","persone di 18-74 anni che sono molto o abbastanza d'accordo con almeno uno stereotipo/comportamento (per 100 persone con le stesse caratteristiche)","F","femmine","ONEBEHP","almeno un comportamento nella coppia","2018","2018",23.2,,
"ITD5","Emilia-Romagna","P18_74_AGONE","persone di 18-74 anni che sono molto o abbastanza d'accordo con almeno uno stereotipo/comportamento (per 100 persone con le stesse caratteristiche)","T","totale","TRGENROL","almeno uno stereotipo sui ruoli tradizionali di genere","2018","2018",54.1,,
"ITD5","Emilia-Romagna","P18_74_AGONE","persone di 18-74 anni che sono molto o abbastanza d'accordo con almeno uno stereotipo/comportamento (per 100 persone con le stesse caratteristiche)","T","totale","STEVIOSEX","almeno uno stereotipo sulla violenza sessuale","2018","2018",50,,
"ITD5","Emilia-Romagna","P18_74_AGONE","persone di 18-74 anni che sono molto o abbastanza d'accordo con almeno uno stereotipo/comportamento (per 100 persone con le stesse caratteristiche)","T","totale","ONEBEHP","almeno un comportamento nella coppia","2018","2018",22.2,,
"ITE","Centro","P18_74_AGONE","persone di 18-74 anni che sono molto o abbastanza d'accordo con almeno uno stereotipo/comportamento (per 100 persone con le stesse caratteristiche)","M","maschi","TRGENROL","almeno uno stereotipo sui ruoli tradizionali di genere","2018","2018",56,,
"ITE","Centro","P18_74_AGONE","persone di 18-74 anni che sono molto o abbastanza d'accordo con almeno uno stereotipo/comportamento (per 100 persone con le stesse caratteristiche)","M","maschi","STEVIOSEX","almeno uno stereotipo sulla violenza sessuale","2018","2018",53.4,,
"ITE","Centro","P18_74_AGONE","persone di 18-74 anni che sono molto o abbastanza d'accordo con almeno uno stereotipo/comportamento (per 100 persone con le stesse caratteristiche)","M","maschi","ONEBEHP","almeno un comportamento nella coppia","2018","2018",24.8,,
"ITE","Centro","P18_74_AGONE","persone di 18-74 anni che sono molto o abbastanza d'accordo con almeno uno stereotipo/comportamento (per 100 persone con le stesse caratteristiche)","F","femmine","TRGENROL","almeno uno stereotipo sui ruoli tradizionali di genere","2018","2018",56.8,,
"ITE","Centro","P18_74_AGONE","persone di 18-74 anni che sono molto o abbastanza d'accordo con almeno uno stereotipo/comportamento (per 100 persone con le stesse caratteristiche)","F","femmine","STEVIOSEX","almeno uno stereotipo sulla violenza sessuale","2018","2018",47.4,,
"ITE","Centro","P18_74_AGONE","persone di 18-74 anni che sono molto o abbastanza d'accordo con almeno uno stereotipo/comportamento (per 100 persone con le stesse caratteristiche)","F","femmine","ONEBEHP","almeno un comportamento nella coppia","2018","2018",18.3,,
"ITE","Centro","P18_74_AGONE","persone di 18-74 anni che sono molto o abbastanza d'accordo con almeno uno stereotipo/comportamento (per 100 persone con le stesse caratteristiche)","T","totale","TRGENROL","almeno uno stereotipo sui ruoli tradizionali di genere","2018","2018",56.4,,
"ITE","Centro","P18_74_AGONE","persone di 18-74 anni che sono molto o abbastanza d'accordo con almeno uno stereotipo/comportamento (per 100 persone con le stesse caratteristiche)","T","totale","STEVIOSEX","almeno uno stereotipo sulla violenza sessuale","2018","2018",50.3,,
"ITE","Centro","P18_74_AGONE","persone di 18-74 anni che sono molto o abbastanza d'accordo con almeno uno stereotipo/comportamento (per 100 persone con le stesse caratteristiche)","T","totale","ONEBEHP","almeno un comportamento nella coppia","2018","2018",21.5,,
"ITE1","Toscana","P18_74_AGONE","persone di 18-74 anni che sono molto o abbastanza d'accordo con almeno uno stereotipo/comportamento (per 100 persone con le stesse caratteristiche)","M","maschi","TRGENROL","almeno uno stereotipo sui ruoli tradizionali di genere","2018","2018",56.5,,
"ITE1","Toscana","P18_74_AGONE","persone di 18-74 anni che sono molto o abbastanza d'accordo con almeno uno stereotipo/comportamento (per 100 persone con le stesse caratteristiche)","M","maschi","STEVIOSEX","almeno uno stereotipo sulla violenza sessuale","2018","2018",49.5,,
"ITE1","Toscana","P18_74_AGONE","persone di 18-74 anni che sono molto o abbastanza d'accordo con almeno uno stereotipo/comportamento (per 100 persone con le stesse caratteristiche)","M","maschi","ONEBEHP","almeno un comportamento nella coppia","2018","2018",23.8,,
"ITE1","Toscana","P18_74_AGONE","persone di 18-74 anni che sono molto o abbastanza d'accordo con almeno uno stereotipo/comportamento (per 100 persone con le stesse caratteristiche)","F","femmine","TRGENROL","almeno uno stereotipo sui ruoli tradizionali di genere","2018","2018",54.2,,
"ITE1","Toscana","P18_74_AGONE","persone di 18-74 anni che sono molto o abbastanza d'accordo con almeno uno stereotipo/comportamento (per 100 persone con le stesse caratteristiche)","F","femmine","STEVIOSEX","almeno uno stereotipo sulla violenza sessuale","2018","2018",47,,
"ITE1","Toscana","P18_74_AGONE","persone di 18-74 anni che sono molto o abbastanza d'accordo con almeno uno stereotipo/comportamento (per 100 persone con le stesse caratteristiche)","F","femmine","ONEBEHP","almeno un comportamento nella coppia","2018","2018",17.7,,
"ITE1","Toscana","P18_74_AGONE","persone di 18-74 anni che sono molto o abbastanza d'accordo con almeno uno stereotipo/comportamento (per 100 persone con le stesse caratteristiche)","T","totale","TRGENROL","almeno uno stereotipo sui ruoli tradizionali di genere","2018","2018",55.3,,
"ITE1","Toscana","P18_74_AGONE","persone di 18-74 anni che sono molto o abbastanza d'accordo con almeno uno stereotipo/comportamento (per 100 persone con le stesse caratteristiche)","T","totale","STEVIOSEX","almeno uno stereotipo sulla violenza sessuale","2018","2018",48.2,,
"ITE1","Toscana","P18_74_AGONE","persone di 18-74 anni che sono molto o abbastanza d'accordo con almeno uno stereotipo/comportamento (per 100 persone con le stesse caratteristiche)","T","totale","ONEBEHP","almeno un comportamento nella coppia","2018","2018",20.7,,
"ITE2","Umbria","P18_74_AGONE","persone di 18-74 anni che sono molto o abbastanza d'accordo con almeno uno stereotipo/comportamento (per 100 persone con le stesse caratteristiche)","M","maschi","TRGENROL","almeno uno stereotipo sui ruoli tradizionali di genere","2018","2018",59.3,,
"ITE2","Umbria","P18_74_AGONE","persone di 18-74 anni che sono molto o abbastanza d'accordo con almeno uno stereotipo/comportamento (per 100 persone con le stesse caratteristiche)","M","maschi","STEVIOSEX","almeno uno stereotipo sulla violenza sessuale","2018","2018",64.1,,
"ITE2","Umbria","P18_74_AGONE","persone di 18-74 anni che sono molto o abbastanza d'accordo con almeno uno stereotipo/comportamento (per 100 persone con le stesse caratteristiche)","M","maschi","ONEBEHP","almeno un comportamento nella coppia","2018","2018",17.9,,
"ITE2","Umbria","P18_74_AGONE","persone di 18-74 anni che sono molto o abbastanza d'accordo con almeno uno stereotipo/comportamento (per 100 persone con le stesse caratteristiche)","F","femmine","TRGENROL","almeno uno stereotipo sui ruoli tradizionali di genere","2018","2018",57.2,,
"ITE2","Umbria","P18_74_AGONE","persone di 18-74 anni che sono molto o abbastanza d'accordo con almeno uno stereotipo/comportamento (per 100 persone con le stesse caratteristiche)","F","femmine","STEVIOSEX","almeno uno stereotipo sulla violenza sessuale","2018","2018",52,,
"ITE2","Umbria","P18_74_AGONE","persone di 18-74 anni che sono molto o abbastanza d'accordo con almeno uno stereotipo/comportamento (per 100 persone con le stesse caratteristiche)","F","femmine","ONEBEHP","almeno un comportamento nella coppia","2018","2018",20.7,,
"ITE2","Umbria","P18_74_AGONE","persone di 18-74 anni che sono molto o abbastanza d'accordo con almeno uno stereotipo/comportamento (per 100 persone con le stesse caratteristiche)","T","totale","TRGENROL","almeno uno stereotipo sui ruoli tradizionali di genere","2018","2018",58.2,,
"ITE2","Umbria","P18_74_AGONE","persone di 18-74 anni che sono molto o abbastanza d'accordo con almeno uno stereotipo/comportamento (per 100 persone con le stesse caratteristiche)","T","totale","STEVIOSEX","almeno uno stereotipo sulla violenza sessuale","2018","2018",57.9,,
"ITE2","Umbria","P18_74_AGONE","persone di 18-74 anni che sono molto o abbastanza d'accordo con almeno uno stereotipo/comportamento (per 100 persone con le stesse caratteristiche)","T","totale","ONEBEHP","almeno un comportamento nella coppia","2018","2018",19.3,,
"ITE3","Marche","P18_74_AGONE","persone di 18-74 anni che sono molto o abbastanza d'accordo con almeno uno stereotipo/comportamento (per 100 persone con le stesse caratteristiche)","M","maschi","TRGENROL","almeno uno stereotipo sui ruoli tradizionali di genere","2018","2018",57.2,,
"ITE3","Marche","P18_74_AGONE","persone di 18-74 anni che sono molto o abbastanza d'accordo con almeno uno stereotipo/comportamento (per 100 persone con le stesse caratteristiche)","M","maschi","STEVIOSEX","almeno uno stereotipo sulla violenza sessuale","2018","2018",58.2,,
"ITE3","Marche","P18_74_AGONE","persone di 18-74 anni che sono molto o abbastanza d'accordo con almeno uno stereotipo/comportamento (per 100 persone con le stesse caratteristiche)","M","maschi","ONEBEHP","almeno un comportamento nella coppia","2018","2018",27.9,,
"ITE3","Marche","P18_74_AGONE","persone di 18-74 anni che sono molto o abbastanza d'accordo con almeno uno stereotipo/comportamento (per 100 persone con le stesse caratteristiche)","F","femmine","TRGENROL","almeno uno stereotipo sui ruoli tradizionali di genere","2018","2018",57.1,,
"ITE3","Marche","P18_74_AGONE","persone di 18-74 anni che sono molto o abbastanza d'accordo con almeno uno stereotipo/comportamento (per 100 persone con le stesse caratteristiche)","F","femmine","STEVIOSEX","almeno uno stereotipo sulla violenza sessuale","2018","2018",58.5,,
"ITE3","Marche","P18_74_AGONE","persone di 18-74 anni che sono molto o abbastanza d'accordo con almeno uno stereotipo/comportamento (per 100 persone con le stesse caratteristiche)","F","femmine","ONEBEHP","almeno un comportamento nella coppia","2018","2018",23.2,,
"ITE3","Marche","P18_74_AGONE","persone di 18-74 anni che sono molto o abbastanza d'accordo con almeno uno stereotipo/comportamento (per 100 persone con le stesse caratteristiche)","T","totale","TRGENROL","almeno uno stereotipo sui ruoli tradizionali di genere","2018","2018",57.2,,
"ITE3","Marche","P18_74_AGONE","persone di 18-74 anni che sono molto o abbastanza d'accordo con almeno uno stereotipo/comportamento (per 100 persone con le stesse caratteristiche)","T","totale","STEVIOSEX","almeno uno stereotipo sulla violenza sessuale","2018","2018",58.4,,
"ITE3","Marche","P18_74_AGONE","persone di 18-74 anni che sono molto o abbastanza d'accordo con almeno uno stereotipo/comportamento (per 100 persone con le stesse caratteristiche)","T","totale","ONEBEHP","almeno un comportamento nella coppia","2018","2018",25.5,,
"ITE4","Lazio","P18_74_AGONE","persone di 18-74 anni che sono molto o abbastanza d'accordo con almeno uno stereotipo/comportamento (per 100 persone con le stesse caratteristiche)","M","maschi","TRGENROL","almeno uno stereotipo sui ruoli tradizionali di genere","2018","2018",54.9,,
"ITE4","Lazio","P18_74_AGONE","persone di 18-74 anni che sono molto o abbastanza d'accordo con almeno uno stereotipo/comportamento (per 100 persone con le stesse caratteristiche)","M","maschi","STEVIOSEX","almeno uno stereotipo sulla violenza sessuale","2018","2018",53,,
"ITE4","Lazio","P18_74_AGONE","persone di 18-74 anni che sono molto o abbastanza d'accordo con almeno uno stereotipo/comportamento (per 100 persone con le stesse caratteristiche)","M","maschi","ONEBEHP","almeno un comportamento nella coppia","2018","2018",25.7,,
"ITE4","Lazio","P18_74_AGONE","persone di 18-74 anni che sono molto o abbastanza d'accordo con almeno uno stereotipo/comportamento (per 100 persone con le stesse caratteristiche)","F","femmine","TRGENROL","almeno uno stereotipo sui ruoli tradizionali di genere","2018","2018",58.4,,
"ITE4","Lazio","P18_74_AGONE","persone di 18-74 anni che sono molto o abbastanza d'accordo con almeno uno stereotipo/comportamento (per 100 persone con le stesse caratteristiche)","F","femmine","STEVIOSEX","almeno uno stereotipo sulla violenza sessuale","2018","2018",44.2,,
"ITE4","Lazio","P18_74_AGONE","persone di 18-74 anni che sono molto o abbastanza d'accordo con almeno uno stereotipo/comportamento (per 100 persone con le stesse caratteristiche)","F","femmine","ONEBEHP","almeno un comportamento nella coppia","2018","2018",17.1,,
"ITE4","Lazio","P18_74_AGONE","persone di 18-74 anni che sono molto o abbastanza d'accordo con almeno uno stereotipo/comportamento (per 100 persone con le stesse caratteristiche)","T","totale","TRGENROL","almeno uno stereotipo sui ruoli tradizionali di genere","2018","2018",56.7,,
"ITE4","Lazio","P18_74_AGONE","persone di 18-74 anni che sono molto o abbastanza d'accordo con almeno uno stereotipo/comportamento (per 100 persone con le stesse caratteristiche)","T","totale","STEVIOSEX","almeno uno stereotipo sulla violenza sessuale","2018","2018",48.5,,
"ITE4","Lazio","P18_74_AGONE","persone di 18-74 anni che sono molto o abbastanza d'accordo con almeno uno stereotipo/comportamento (per 100 persone con le stesse caratteristiche)","T","totale","ONEBEHP","almeno un comportamento nella coppia","2018","2018",21.3,,
"ITF","Sud","P18_74_AGONE","persone di 18-74 anni che sono molto o abbastanza d'accordo con almeno uno stereotipo/comportamento (per 100 persone con le stesse caratteristiche)","M","maschi","TRGENROL","almeno uno stereotipo sui ruoli tradizionali di genere","2018","2018",69.5,,
"ITF","Sud","P18_74_AGONE","persone di 18-74 anni che sono molto o abbastanza d'accordo con almeno uno stereotipo/comportamento (per 100 persone con le stesse caratteristiche)","M","maschi","STEVIOSEX","almeno uno stereotipo sulla violenza sessuale","2018","2018",61.7,,
"ITF","Sud","P18_74_AGONE","persone di 18-74 anni che sono molto o abbastanza d'accordo con almeno uno stereotipo/comportamento (per 100 persone con le stesse caratteristiche)","M","maschi","ONEBEHP","almeno un comportamento nella coppia","2018","2018",37.9,,
"ITF","Sud","P18_74_AGONE","persone di 18-74 anni che sono molto o abbastanza d'accordo con almeno uno stereotipo/comportamento (per 100 persone con le stesse caratteristiche)","F","femmine","TRGENROL","almeno uno stereotipo sui ruoli tradizionali di genere","2018","2018",66.1,,
"ITF","Sud","P18_74_AGONE","persone di 18-74 anni che sono molto o abbastanza d'accordo con almeno uno stereotipo/comportamento (per 100 persone con le stesse caratteristiche)","F","femmine","STEVIOSEX","almeno uno stereotipo sulla violenza sessuale","2018","2018",56.9,,
"ITF","Sud","P18_74_AGONE","persone di 18-74 anni che sono molto o abbastanza d'accordo con almeno uno stereotipo/comportamento (per 100 persone con le stesse caratteristiche)","F","femmine","ONEBEHP","almeno un comportamento nella coppia","2018","2018",29,,
"ITF","Sud","P18_74_AGONE","persone di 18-74 anni che sono molto o abbastanza d'accordo con almeno uno stereotipo/comportamento (per 100 persone con le stesse caratteristiche)","T","totale","TRGENROL","almeno uno stereotipo sui ruoli tradizionali di genere","2018","2018",67.8,,
"ITF","Sud","P18_74_AGONE","persone di 18-74 anni che sono molto o abbastanza d'accordo con almeno uno stereotipo/comportamento (per 100 persone con le stesse caratteristiche)","T","totale","STEVIOSEX","almeno uno stereotipo sulla violenza sessuale","2018","2018",59.3,,
"ITF","Sud","P18_74_AGONE","persone di 18-74 anni che sono molto o abbastanza d'accordo con almeno uno stereotipo/comportamento (per 100 persone con le stesse caratteristiche)","T","totale","ONEBEHP","almeno un comportamento nella coppia","2018","2018",33.4,,
"ITF1","Abruzzo","P18_74_AGONE","persone di 18-74 anni che sono molto o abbastanza d'accordo con almeno uno stereotipo/comportamento (per 100 persone con le stesse caratteristiche)","M","maschi","TRGENROL","almeno uno stereotipo sui ruoli tradizionali di genere","2018","2018",74.3,,
"ITF1","Abruzzo","P18_74_AGONE","persone di 18-74 anni che sono molto o abbastanza d'accordo con almeno uno stereotipo/comportamento (per 100 persone con le stesse caratteristiche)","M","maschi","STEVIOSEX","almeno uno stereotipo sulla violenza sessuale","2018","2018",61.9,,
"ITF1","Abruzzo","P18_74_AGONE","persone di 18-74 anni che sono molto o abbastanza d'accordo con almeno uno stereotipo/comportamento (per 100 persone con le stesse caratteristiche)","M","maschi","ONEBEHP","almeno un comportamento nella coppia","2018","2018",47.2,,
"ITF1","Abruzzo","P18_74_AGONE","persone di 18-74 anni che sono molto o abbastanza d'accordo con almeno uno stereotipo/comportamento (per 100 persone con le stesse caratteristiche)","F","femmine","TRGENROL","almeno uno stereotipo sui ruoli tradizionali di genere","2018","2018",61.7,,
"ITF1","Abruzzo","P18_74_AGONE","persone di 18-74 anni che sono molto o abbastanza d'accordo con almeno uno stereotipo/comportamento (per 100 persone con le stesse caratteristiche)","F","femmine","STEVIOSEX","almeno uno stereotipo sulla violenza sessuale","2018","2018",52.1,,
"ITF1","Abruzzo","P18_74_AGONE","persone di 18-74 anni che sono molto o abbastanza d'accordo con almeno uno stereotipo/comportamento (per 100 persone con le stesse caratteristiche)","F","femmine","ONEBEHP","almeno un comportamento nella coppia","2018","2018",29.2,,
"ITF1","Abruzzo","P18_74_AGONE","persone di 18-74 anni che sono molto o abbastanza d'accordo con almeno uno stereotipo/comportamento (per 100 persone con le stesse caratteristiche)","T","totale","TRGENROL","almeno uno stereotipo sui ruoli tradizionali di genere","2018","2018",67.9,,
"ITF1","Abruzzo","P18_74_AGONE","persone di 18-74 anni che sono molto o abbastanza d'accordo con almeno uno stereotipo/comportamento (per 100 persone con le stesse caratteristiche)","T","totale","STEVIOSEX","almeno uno stereotipo sulla violenza sessuale","2018","2018",56.9,,
"ITF1","Abruzzo","P18_74_AGONE","persone di 18-74 anni che sono molto o abbastanza d'accordo con almeno uno stereotipo/comportamento (per 100 persone con le stesse caratteristiche)","T","totale","ONEBEHP","almeno un comportamento nella coppia","2018","2018",38.1,,
"ITF2","Molise","P18_74_AGONE","persone di 18-74 anni che sono molto o abbastanza d'accordo con almeno uno stereotipo/comportamento (per 100 persone con le stesse caratteristiche)","M","maschi","TRGENROL","almeno uno stereotipo sui ruoli tradizionali di genere","2018","2018",71.5,,
"ITF2","Molise","P18_74_AGONE","persone di 18-74 anni che sono molto o abbastanza d'accordo con almeno uno stereotipo/comportamento (per 100 persone con le stesse caratteristiche)","M","maschi","STEVIOSEX","almeno uno stereotipo sulla violenza sessuale","2018","2018",57.5,,
"ITF2","Molise","P18_74_AGONE","persone di 18-74 anni che sono molto o abbastanza d'accordo con almeno uno stereotipo/comportamento (per 100 persone con le stesse caratteristiche)","M","maschi","ONEBEHP","almeno un comportamento nella coppia","2018","2018",29.2,,
"ITF2","Molise","P18_74_AGONE","persone di 18-74 anni che sono molto o abbastanza d'accordo con almeno uno stereotipo/comportamento (per 100 persone con le stesse caratteristiche)","F","femmine","TRGENROL","almeno uno stereotipo sui ruoli tradizionali di genere","2018","2018",67.1,,
"ITF2","Molise","P18_74_AGONE","persone di 18-74 anni che sono molto o abbastanza d'accordo con almeno uno stereotipo/comportamento (per 100 persone con le stesse caratteristiche)","F","femmine","STEVIOSEX","almeno uno stereotipo sulla violenza sessuale","2018","2018",50.2,,
"ITF2","Molise","P18_74_AGONE","persone di 18-74 anni che sono molto o abbastanza d'accordo con almeno uno stereotipo/comportamento (per 100 persone con le stesse caratteristiche)","F","femmine","ONEBEHP","almeno un comportamento nella coppia","2018","2018",25.6,,
"ITF2","Molise","P18_74_AGONE","persone di 18-74 anni che sono molto o abbastanza d'accordo con almeno uno stereotipo/comportamento (per 100 persone con le stesse caratteristiche)","T","totale","TRGENROL","almeno uno stereotipo sui ruoli tradizionali di genere","2018","2018",69.3,,
"ITF2","Molise","P18_74_AGONE","persone di 18-74 anni che sono molto o abbastanza d'accordo con almeno uno stereotipo/comportamento (per 100 persone con le stesse caratteristiche)","T","totale","STEVIOSEX","almeno uno stereotipo sulla violenza sessuale","2018","2018",53.9,,
"ITF2","Molise","P18_74_AGONE","persone di 18-74 anni che sono molto o abbastanza d'accordo con almeno uno stereotipo/comportamento (per 100 persone con le stesse caratteristiche)","T","totale","ONEBEHP","almeno un comportamento nella coppia","2018","2018",27.4,,
"ITF3","Campania","P18_74_AGONE","persone di 18-74 anni che sono molto o abbastanza d'accordo con almeno uno stereotipo/comportamento (per 100 persone con le stesse caratteristiche)","M","maschi","TRGENROL","almeno uno stereotipo sui ruoli tradizionali di genere","2018","2018",71.4,,
"ITF3","Campania","P18_74_AGONE","persone di 18-74 anni che sono molto o abbastanza d'accordo con almeno uno stereotipo/comportamento (per 100 persone con le stesse caratteristiche)","M","maschi","STEVIOSEX","almeno uno stereotipo sulla violenza sessuale","2018","2018",61.1,,
"ITF3","Campania","P18_74_AGONE","persone di 18-74 anni che sono molto o abbastanza d'accordo con almeno uno stereotipo/comportamento (per 100 persone con le stesse caratteristiche)","M","maschi","ONEBEHP","almeno un comportamento nella coppia","2018","2018",39.5,,
"ITF3","Campania","P18_74_AGONE","persone di 18-74 anni che sono molto o abbastanza d'accordo con almeno uno stereotipo/comportamento (per 100 persone con le stesse caratteristiche)","F","femmine","TRGENROL","almeno uno stereotipo sui ruoli tradizionali di genere","2018","2018",71.8,,
"ITF3","Campania","P18_74_AGONE","persone di 18-74 anni che sono molto o abbastanza d'accordo con almeno uno stereotipo/comportamento (per 100 persone con le stesse caratteristiche)","F","femmine","STEVIOSEX","almeno uno stereotipo sulla violenza sessuale","2018","2018",60.7,,
"ITF3","Campania","P18_74_AGONE","persone di 18-74 anni che sono molto o abbastanza d'accordo con almeno uno stereotipo/comportamento (per 100 persone con le stesse caratteristiche)","F","femmine","ONEBEHP","almeno un comportamento nella coppia","2018","2018",30.8,,
"ITF3","Campania","P18_74_AGONE","persone di 18-74 anni che sono molto o abbastanza d'accordo con almeno uno stereotipo/comportamento (per 100 persone con le stesse caratteristiche)","T","totale","TRGENROL","almeno uno stereotipo sui ruoli tradizionali di genere","2018","2018",71.6,,
"ITF3","Campania","P18_74_AGONE","persone di 18-74 anni che sono molto o abbastanza d'accordo con almeno uno stereotipo/comportamento (per 100 persone con le stesse caratteristiche)","T","totale","STEVIOSEX","almeno uno stereotipo sulla violenza sessuale","2018","2018",60.9,,
"ITF3","Campania","P18_74_AGONE","persone di 18-74 anni che sono molto o abbastanza d'accordo con almeno uno stereotipo/comportamento (per 100 persone con le stesse caratteristiche)","T","totale","ONEBEHP","almeno un comportamento nella coppia","2018","2018",35,,
"ITF4","Puglia","P18_74_AGONE","persone di 18-74 anni che sono molto o abbastanza d'accordo con almeno uno stereotipo/comportamento (per 100 persone con le stesse caratteristiche)","M","maschi","TRGENROL","almeno uno stereotipo sui ruoli tradizionali di genere","2018","2018",65,,
"ITF4","Puglia","P18_74_AGONE","persone di 18-74 anni che sono molto o abbastanza d'accordo con almeno uno stereotipo/comportamento (per 100 persone con le stesse caratteristiche)","M","maschi","STEVIOSEX","almeno uno stereotipo sulla violenza sessuale","2018","2018",64.5,,
"ITF4","Puglia","P18_74_AGONE","persone di 18-74 anni che sono molto o abbastanza d'accordo con almeno uno stereotipo/comportamento (per 100 persone con le stesse caratteristiche)","M","maschi","ONEBEHP","almeno un comportamento nella coppia","2018","2018",32.8,,
"ITF4","Puglia","P18_74_AGONE","persone di 18-74 anni che sono molto o abbastanza d'accordo con almeno uno stereotipo/comportamento (per 100 persone con le stesse caratteristiche)","F","femmine","TRGENROL","almeno uno stereotipo sui ruoli tradizionali di genere","2018","2018",60.6,,
"ITF4","Puglia","P18_74_AGONE","persone di 18-74 anni che sono molto o abbastanza d'accordo con almeno uno stereotipo/comportamento (per 100 persone con le stesse caratteristiche)","F","femmine","STEVIOSEX","almeno uno stereotipo sulla violenza sessuale","2018","2018",56.7,,
"ITF4","Puglia","P18_74_AGONE","persone di 18-74 anni che sono molto o abbastanza d'accordo con almeno uno stereotipo/comportamento (per 100 persone con le stesse caratteristiche)","F","femmine","ONEBEHP","almeno un comportamento nella coppia","2018","2018",28.4,,
"ITF4","Puglia","P18_74_AGONE","persone di 18-74 anni che sono molto o abbastanza d'accordo con almeno uno stereotipo/comportamento (per 100 persone con le stesse caratteristiche)","T","totale","TRGENROL","almeno uno stereotipo sui ruoli tradizionali di genere","2018","2018",62.8,,
"ITF4","Puglia","P18_74_AGONE","persone di 18-74 anni che sono molto o abbastanza d'accordo con almeno uno stereotipo/comportamento (per 100 persone con le stesse caratteristiche)","T","totale","STEVIOSEX","almeno uno stereotipo sulla violenza sessuale","2018","2018",60.6,,
"ITF4","Puglia","P18_74_AGONE","persone di 18-74 anni che sono molto o abbastanza d'accordo con almeno uno stereotipo/comportamento (per 100 persone con le stesse caratteristiche)","T","totale","ONEBEHP","almeno un comportamento nella coppia","2018","2018",30.5,,
"ITF5","Basilicata","P18_74_AGONE","persone di 18-74 anni che sono molto o abbastanza d'accordo con almeno uno stereotipo/comportamento (per 100 persone con le stesse caratteristiche)","M","maschi","TRGENROL","almeno uno stereotipo sui ruoli tradizionali di genere","2018","2018",63.3,,
"ITF5","Basilicata","P18_74_AGONE","persone di 18-74 anni che sono molto o abbastanza d'accordo con almeno uno stereotipo/comportamento (per 100 persone con le stesse caratteristiche)","M","maschi","STEVIOSEX","almeno uno stereotipo sulla violenza sessuale","2018","2018",79.8,,
"ITF5","Basilicata","P18_74_AGONE","persone di 18-74 anni che sono molto o abbastanza d'accordo con almeno uno stereotipo/comportamento (per 100 persone con le stesse caratteristiche)","M","maschi","ONEBEHP","almeno un comportamento nella coppia","2018","2018",50.1,,
"ITF5","Basilicata","P18_74_AGONE","persone di 18-74 anni che sono molto o abbastanza d'accordo con almeno uno stereotipo/comportamento (per 100 persone con le stesse caratteristiche)","F","femmine","TRGENROL","almeno uno stereotipo sui ruoli tradizionali di genere","2018","2018",67.7,,
"ITF5","Basilicata","P18_74_AGONE","persone di 18-74 anni che sono molto o abbastanza d'accordo con almeno uno stereotipo/comportamento (per 100 persone con le stesse caratteristiche)","F","femmine","STEVIOSEX","almeno uno stereotipo sulla violenza sessuale","2018","2018",60,,
"ITF5","Basilicata","P18_74_AGONE","persone di 18-74 anni che sono molto o abbastanza d'accordo con almeno uno stereotipo/comportamento (per 100 persone con le stesse caratteristiche)","F","femmine","ONEBEHP","almeno un comportamento nella coppia","2018","2018",20.4,,
"ITF5","Basilicata","P18_74_AGONE","persone di 18-74 anni che sono molto o abbastanza d'accordo con almeno uno stereotipo/comportamento (per 100 persone con le stesse caratteristiche)","T","totale","TRGENROL","almeno uno stereotipo sui ruoli tradizionali di genere","2018","2018",65.5,,
"ITF5","Basilicata","P18_74_AGONE","persone di 18-74 anni che sono molto o abbastanza d'accordo con almeno uno stereotipo/comportamento (per 100 persone con le stesse caratteristiche)","T","totale","STEVIOSEX","almeno uno stereotipo sulla violenza sessuale","2018","2018",69.8,,
"ITF5","Basilicata","P18_74_AGONE","persone di 18-74 anni che sono molto o abbastanza d'accordo con almeno uno stereotipo/comportamento (per 100 persone con le stesse caratteristiche)","T","totale","ONEBEHP","almeno un comportamento nella coppia","2018","2018",35.2,,
"ITF6","Calabria","P18_74_AGONE","persone di 18-74 anni che sono molto o abbastanza d'accordo con almeno uno stereotipo/comportamento (per 100 persone con le stesse caratteristiche)","M","maschi","TRGENROL","almeno uno stereotipo sui ruoli tradizionali di genere","2018","2018",71.2,,
"ITF6","Calabria","P18_74_AGONE","persone di 18-74 anni che sono molto o abbastanza d'accordo con almeno uno stereotipo/comportamento (per 100 persone con le stesse caratteristiche)","M","maschi","STEVIOSEX","almeno uno stereotipo sulla violenza sessuale","2018","2018",53.1,,
"ITF6","Calabria","P18_74_AGONE","persone di 18-74 anni che sono molto o abbastanza d'accordo con almeno uno stereotipo/comportamento (per 100 persone con le stesse caratteristiche)","M","maschi","ONEBEHP","almeno un comportamento nella coppia","2018","2018",35.3,,
"ITF6","Calabria","P18_74_AGONE","persone di 18-74 anni che sono molto o abbastanza d'accordo con almeno uno stereotipo/comportamento (per 100 persone con le stesse caratteristiche)","F","femmine","TRGENROL","almeno uno stereotipo sui ruoli tradizionali di genere","2018","2018",62.3,,
"ITF6","Calabria","P18_74_AGONE","persone di 18-74 anni che sono molto o abbastanza d'accordo con almeno uno stereotipo/comportamento (per 100 persone con le stesse caratteristiche)","F","femmine","STEVIOSEX","almeno uno stereotipo sulla violenza sessuale","2018","2018",49.3,,
"ITF6","Calabria","P18_74_AGONE","persone di 18-74 anni che sono molto o abbastanza d'accordo con almeno uno stereotipo/comportamento (per 100 persone con le stesse caratteristiche)","F","femmine","ONEBEHP","almeno un comportamento nella coppia","2018","2018",27.8,,
"ITF6","Calabria","P18_74_AGONE","persone di 18-74 anni che sono molto o abbastanza d'accordo con almeno uno stereotipo/comportamento (per 100 persone con le stesse caratteristiche)","T","totale","TRGENROL","almeno uno stereotipo sui ruoli tradizionali di genere","2018","2018",66.7,,
"ITF6","Calabria","P18_74_AGONE","persone di 18-74 anni che sono molto o abbastanza d'accordo con almeno uno stereotipo/comportamento (per 100 persone con le stesse caratteristiche)","T","totale","STEVIOSEX","almeno uno stereotipo sulla violenza sessuale","2018","2018",51.2,,
"ITF6","Calabria","P18_74_AGONE","persone di 18-74 anni che sono molto o abbastanza d'accordo con almeno uno stereotipo/comportamento (per 100 persone con le stesse caratteristiche)","T","totale","ONEBEHP","almeno un comportamento nella coppia","2018","2018",31.5,,
"ITG","Isole","P18_74_AGONE","persone di 18-74 anni che sono molto o abbastanza d'accordo con almeno uno stereotipo/comportamento (per 100 persone con le stesse caratteristiche)","M","maschi","TRGENROL","almeno uno stereotipo sui ruoli tradizionali di genere","2018","2018",61.5,,
"ITG","Isole","P18_74_AGONE","persone di 18-74 anni che sono molto o abbastanza d'accordo con almeno uno stereotipo/comportamento (per 100 persone con le stesse caratteristiche)","M","maschi","STEVIOSEX","almeno uno stereotipo sulla violenza sessuale","2018","2018",58.8,,
"ITG","Isole","P18_74_AGONE","persone di 18-74 anni che sono molto o abbastanza d'accordo con almeno uno stereotipo/comportamento (per 100 persone con le stesse caratteristiche)","M","maschi","ONEBEHP","almeno un comportamento nella coppia","2018","2018",28.4,,
"ITG","Isole","P18_74_AGONE","persone di 18-74 anni che sono molto o abbastanza d'accordo con almeno uno stereotipo/comportamento (per 100 persone con le stesse caratteristiche)","F","femmine","TRGENROL","almeno uno stereotipo sui ruoli tradizionali di genere","2018","2018",63.5,,
"ITG","Isole","P18_74_AGONE","persone di 18-74 anni che sono molto o abbastanza d'accordo con almeno uno stereotipo/comportamento (per 100 persone con le stesse caratteristiche)","F","femmine","STEVIOSEX","almeno uno stereotipo sulla violenza sessuale","2018","2018",53.2,,
"ITG","Isole","P18_74_AGONE","persone di 18-74 anni che sono molto o abbastanza d'accordo con almeno uno stereotipo/comportamento (per 100 persone con le stesse caratteristiche)","F","femmine","ONEBEHP","almeno un comportamento nella coppia","2018","2018",25.9,,
"ITG","Isole","P18_74_AGONE","persone di 18-74 anni che sono molto o abbastanza d'accordo con almeno uno stereotipo/comportamento (per 100 persone con le stesse caratteristiche)","T","totale","TRGENROL","almeno uno stereotipo sui ruoli tradizionali di genere","2018","2018",62.5,,
"ITG","Isole","P18_74_AGONE","persone di 18-74 anni che sono molto o abbastanza d'accordo con almeno uno stereotipo/comportamento (per 100 persone con le stesse caratteristiche)","T","totale","STEVIOSEX","almeno uno stereotipo sulla violenza sessuale","2018","2018",55.9,,
"ITG","Isole","P18_74_AGONE","persone di 18-74 anni che sono molto o abbastanza d'accordo con almeno uno stereotipo/comportamento (per 100 persone con le stesse caratteristiche)","T","totale","ONEBEHP","almeno un comportamento nella coppia","2018","2018",27.1,,
"ITG1","Sicilia","P18_74_AGONE","persone di 18-74 anni che sono molto o abbastanza d'accordo con almeno uno stereotipo/comportamento (per 100 persone con le stesse caratteristiche)","M","maschi","TRGENROL","almeno uno stereotipo sui ruoli tradizionali di genere","2018","2018",65.4,,
"ITG1","Sicilia","P18_74_AGONE","persone di 18-74 anni che sono molto o abbastanza d'accordo con almeno uno stereotipo/comportamento (per 100 persone con le stesse caratteristiche)","M","maschi","STEVIOSEX","almeno uno stereotipo sulla violenza sessuale","2018","2018",59.8,,
"ITG1","Sicilia","P18_74_AGONE","persone di 18-74 anni che sono molto o abbastanza d'accordo con almeno uno stereotipo/comportamento (per 100 persone con le stesse caratteristiche)","M","maschi","ONEBEHP","almeno un comportamento nella coppia","2018","2018",31.9,,
"ITG1","Sicilia","P18_74_AGONE","persone di 18-74 anni che sono molto o abbastanza d'accordo con almeno uno stereotipo/comportamento (per 100 persone con le stesse caratteristiche)","F","femmine","TRGENROL","almeno uno stereotipo sui ruoli tradizionali di genere","2018","2018",66.9,,
"ITG1","Sicilia","P18_74_AGONE","persone di 18-74 anni che sono molto o abbastanza d'accordo con almeno uno stereotipo/comportamento (per 100 persone con le stesse caratteristiche)","F","femmine","STEVIOSEX","almeno uno stereotipo sulla violenza sessuale","2018","2018",55.8,,
"ITG1","Sicilia","P18_74_AGONE","persone di 18-74 anni che sono molto o abbastanza d'accordo con almeno uno stereotipo/comportamento (per 100 persone con le stesse caratteristiche)","F","femmine","ONEBEHP","almeno un comportamento nella coppia","2018","2018",30.4,,
"ITG1","Sicilia","P18_74_AGONE","persone di 18-74 anni che sono molto o abbastanza d'accordo con almeno uno stereotipo/comportamento (per 100 persone con le stesse caratteristiche)","T","totale","TRGENROL","almeno uno stereotipo sui ruoli tradizionali di genere","2018","2018",66.2,,
"ITG1","Sicilia","P18_74_AGONE","persone di 18-74 anni che sono molto o abbastanza d'accordo con almeno uno stereotipo/comportamento (per 100 persone con le stesse caratteristiche)","T","totale","STEVIOSEX","almeno uno stereotipo sulla violenza sessuale","2018","2018",57.7,,
"ITG1","Sicilia","P18_74_AGONE","persone di 18-74 anni che sono molto o abbastanza d'accordo con almeno uno stereotipo/comportamento (per 100 persone con le stesse caratteristiche)","T","totale","ONEBEHP","almeno un comportamento nella coppia","2018","2018",31.1,,
"ITG2","Sardegna","P18_74_AGONE","persone di 18-74 anni che sono molto o abbastanza d'accordo con almeno uno stereotipo/comportamento (per 100 persone con le stesse caratteristiche)","M","maschi","TRGENROL","almeno uno stereotipo sui ruoli tradizionali di genere","2018","2018",50.2,,
"ITG2","Sardegna","P18_74_AGONE","persone di 18-74 anni che sono molto o abbastanza d'accordo con almeno uno stereotipo/comportamento (per 100 persone con le stesse caratteristiche)","M","maschi","STEVIOSEX","almeno uno stereotipo sulla violenza sessuale","2018","2018",56,,
"ITG2","Sardegna","P18_74_AGONE","persone di 18-74 anni che sono molto o abbastanza d'accordo con almeno uno stereotipo/comportamento (per 100 persone con le stesse caratteristiche)","M","maschi","ONEBEHP","almeno un comportamento nella coppia","2018","2018",18.2,,
"ITG2","Sardegna","P18_74_AGONE","persone di 18-74 anni che sono molto o abbastanza d'accordo con almeno uno stereotipo/comportamento (per 100 persone con le stesse caratteristiche)","F","femmine","TRGENROL","almeno uno stereotipo sui ruoli tradizionali di genere","2018","2018",53.2,,
"ITG2","Sardegna","P18_74_AGONE","persone di 18-74 anni che sono molto o abbastanza d'accordo con almeno uno stereotipo/comportamento (per 100 persone con le stesse caratteristiche)","F","femmine","STEVIOSEX","almeno uno stereotipo sulla violenza sessuale","2018","2018",45.2,,
"ITG2","Sardegna","P18_74_AGONE","persone di 18-74 anni che sono molto o abbastanza d'accordo con almeno uno stereotipo/comportamento (per 100 persone con le stesse caratteristiche)","F","femmine","ONEBEHP","almeno un comportamento nella coppia","2018","2018",12.3,,
"ITG2","Sardegna","P18_74_AGONE","persone di 18-74 anni che sono molto o abbastanza d'accordo con almeno uno stereotipo/comportamento (per 100 persone con le stesse caratteristiche)","T","totale","TRGENROL","almeno uno stereotipo sui ruoli tradizionali di genere","2018","2018",51.7,,
"ITG2","Sardegna","P18_74_AGONE","persone di 18-74 anni che sono molto o abbastanza d'accordo con almeno uno stereotipo/comportamento (per 100 persone con le stesse caratteristiche)","T","totale","STEVIOSEX","almeno uno stereotipo sulla violenza sessuale","2018","2018",50.6,,
"ITG2","Sardegna","P18_74_AGONE","persone di 18-74 anni che sono molto o abbastanza d'accordo con almeno uno stereotipo/comportamento (per 100 persone con le stesse caratteristiche)","T","totale","ONEBEHP","almeno un comportamento nella coppia","2018","2018",15.2,,
